,Country,Sub-national region,latitude,longitude,MPI_Region,PercPoverty,popDensity,precipitation,TimeToCity,Temperature
0,Afghanistan,Badakhshan,36.7347725,70.8119953,0.387,67.5,24.8333339691162,446.5,182.0,18.0
1,Afghanistan,Badghis,35.1671339,63.7695384,0.466,79.3,7.67166662216187,302.5,237.0,29.0
2,Afghanistan,Baghlan,35.8042947,69.2877535,0.3,59.7,35.9266662597656,533.0,308.0,23.0
3,Afghanistan,Balkh,36.7550603,66.8975372,0.301,55.7,251.66667175293,201.0,0.0,26.0
4,Afghanistan,Bamyan,34.8100067,67.8212104,0.325,61.0,41.5,145.5,250.0,22.0
5,Afghanistan,Daykundi,33.669495,66.0463534,0.313,65.1,17.0,202.5,672.0,23.0
6,Afghanistan,Farah,32.4464635,62.1454133,0.319,61.4,39.5499992370605,70.5,313.0,33.0
7,Afghanistan,Faryab,36.0795613,64.905955,0.25,49.4,100.809997558594,317.5,169.0,35.0
8,Afghanistan,Ghazni,33.5450587,68.4173972,0.245,47.4,4049.83325195313,189.5,126.0,25.0
9,Afghanistan,Ghor,34.0995776,64.905955,0.384,74.6,7.66666650772095,198.5,528.0,20.0
10,Afghanistan,Helmand,31.3636474,63.9586111,0.261,61.8,21.1666660308838,72.5,374.0,37.0
11,Afghanistan,Herat,34.352865,62.2040287,0.353,63.3,942.716674804688,211.0,4.0,27.0
12,Afghanistan,Jawzjan,36.8969692,65.6658568,0.293,60.9,15.5,242.5,324.0,32.0
13,Afghanistan,Kabul,34.5553494,69.207486,0.117,25.3,399.178344726563,238.5,6.0,24.0
14,Afghanistan,Kandahar,31.628871,65.7371749,0.437,72.1,811.158325195313,120.5,3.0,32.0
15,Afghanistan,Kapisa,34.9810572,69.6214562,0.28,53.6,191.800003051758,405.5,184.0,25.0
16,Afghanistan,Khost,33.3338472,69.9371673,0.296,57.8,181.169998168945,396.0,128.0,27.0
17,Afghanistan,Kunarha,34.8465893,71.097317,0.269,58.3,121.608329772949,637.5,48.0,27.0
18,Afghanistan,Kunduz,36.7285907,68.8680663,0.294,60.5,431.950012207031,318.5,3.0,29.0
19,Afghanistan,Laghman,34.6897687,70.1455805,0.369,70.4,221.16667175293,310.0,32.0,32.0
20,Afghanistan,Logar,34.0145518,69.1923916,0.187,41.4,65.7483291625977,273.5,115.0,28.0
21,Afghanistan,Nangarhar,34.1718313,70.6216794,0.287,54.9,140.024993896484,379.0,73.0,31.0
22,Afghanistan,Nimroz,31.0261488,62.4504154,0.231,45.4,2.83333325386047,51.5,631.0,36.0
23,Afghanistan,Nooristan,35.3250223,70.9071236,0.611,93.7,4.58166646957398,723.5,893.0,14.0
24,Afghanistan,Paktika,32.2645386,68.5247149,0.137,28.1,6.52333354949951,232.5,542.0,26.0
25,Afghanistan,Paktya,33.706199,69.3831079,0.218,45.2,100.666664123535,352.5,27.0,21.0
26,Afghanistan,Panjsher,35.5025772,69.9550338,0.12,25.8,24.8333339691162,756.5,711.0,12.0
27,Afghanistan,Parwan,34.9630977,68.8108849,0.294,58.6,74.3333358764649,333.0,274.0,29.0
28,Afghanistan,Samangan,35.9807296,67.5708536,0.35,64.3,33.6666679382324,307.5,250.0,23.0
29,Afghanistan,Sar-E-Pul,35.6707473,66.0463534,0.341,67.8,10.5,253.0,273.0,21.0
30,Afghanistan,Takhar,36.6698013,69.4784541,0.361,65.1,210.160003662109,403.0,345.0,30.0
31,Afghanistan,Urozgan,32.9271287,66.1415263,0.624,94.5,11.6666669845581,176.5,310.0,27.0
32,Afghanistan,Wardak,34.3513494,68.2385339,0.34,67.9,34.8250007629395,301.0,451.0,20.0
33,Afghanistan,Zabul,32.1918782,67.1894488,0.175,34.6,17.6666660308838,176.5,513.0,30.0
34,Angola,Bengo,-9.1076245,13.6873112,0.269,54.4,6.5,606.5,50.0,28.0
35,Angola,Benguela,-12.5905158,13.416501,0.31,56.5,23.0,297.5,2.0,33.0
36,Angola,Bié,-12.4012884,16.9329375,0.423,75.5,21.6666660308838,1304.0,172.0,30.0
37,Angola,Cabinda,-5.5775197,12.1927103,0.127,26.6,31.3333339691162,822.0,51.0,26.0
38,Angola,Cuando Cubango,-14.6595673,17.6984751,0.38,70.4,0.333333343267441,1056.5,401.0,31.0
39,Angola,Cuanza Norte,-9.3005898,14.9134098,0.311,61.0,22.1666660308838,1110.5,240.0,28.0
40,Angola,Cuanza Sul,-11.3590322,15.1157399,0.423,73.3,16.6666660308838,1215.0,252.0,29.0
41,Angola,Cunene,-16.7518119,14.9702692,0.421,72.7,3.83333325386047,626.0,329.0,31.0
42,Angola,Huambo,-12.7739761,15.7468535,0.342,62.5,64.6666641235352,1359.5,1.0,31.0
43,Angola,Huíla,-14.9140037,13.5049046,0.372,63.2,15.5,851.0,0.0,31.0
44,Angola,Luanda,-8.8399876,13.2894368,0.07,15.6,831.5,415.5,8.0,32.0
45,Angola,Luanda Norte,-8.4491185,20.7178266,0.394,71.7,3.5,1544.5,474.0,29.0
46,Angola,Lunda Sul,-10.2866578,20.7122465,0.315,63.1,2.33333325386047,1421.5,3082.0,27.0
47,Angola,Malanje,-9.5418224,16.3346061,0.296,55.1,14.5,1152.5,434.0,30.0
48,Angola,Moxico,-13.6969242,19.8642763,0.363,66.9,1.83333337306976,1127.5,613.0,30.0
49,Angola,Namibe,-15.1978317,12.1575544,0.253,46.9,2.16666674613953,82.0,183.0,30.0
50,Angola,Uíge,-7.6092767,15.0552391,0.371,70.1,18.5,1471.5,369.0,28.0
51,Angola,Zaire,-6.2649292,14.2343282,0.179,38.4,6.66666650772095,1343.0,319.0,29.0
52,Bangladesh,Barisal,22.7010021,90.3534511,0.224,46.5,2884.18334960938,1966.5,4.0,28.0
53,Bangladesh,Chittagong,22.356851,91.7831819,0.186,38.9,3989.625,2391.0,5.0,29.0
54,Bangladesh,Dhaka,23.810332,90.4125181,0.174,36.6,13986.69140625,1902.5,13.0,30.0
55,Bangladesh,Khulna,22.845641,89.5403279,0.156,35.7,3799.93334960938,1529.5,7.0,28.0
56,Bangladesh,Rajshahi,24.3635886,88.6241351,0.192,41.4,2303.54174804688,1292.5,3.0,28.0
57,Bangladesh,Rangpur,25.7438916,89.275227,0.206,45.7,2220.89013671875,1880.5,5.0,26.0
58,Bangladesh,Sylhet,24.8949294,91.8687063,0.32,61.9,1519.58337402344,3116.0,10.0,29.0
59,Belize,Belize (excluding Belize City South Side),17.4891317,-88.188656,0.005,1.4,14.5949993133545,1422.0,227.0,
60,Belize,Belize City South Side,17.4891317,-88.188656,0.005,1.3,14.5949993133545,1422.0,227.0,
61,Belize,Cayo,17.0984445,-88.9413865,0.054,13.6,9.0,1319.5,558.0,27.0
62,Belize,Corozal,18.4030802,-88.3967536,0.026,6.2,17.1666660308838,1019.0,170.0,29.0
63,Belize,Orange Walk,18.0842472,-88.5710266,0.019,4.4,7.5,1202.0,212.0,28.0
64,Belize,Stann Creek,16.8116631,-88.4016041,0.013,3.6,10.3333330154419,1808.0,179.0,25.0
65,Belize,Toledo,16.2491923,-88.864698,0.019,4.9,4.0,2727.0,345.0,26.0
66,Benin,Alibori,10.9681093,2.7779813,0.528,92.7,28.2133331298828,1156.0,363.0,35.0
67,Benin,Atacora,10.7954931,1.6760691,0.454,85.7,21.1666660308838,1223.0,108.0,31.0
68,Benin,Atlantique,6.6588391,2.2236667,0.278,57.3,174.785003662109,1139.0,145.0,28.0
69,Benin,Borgou,9.5340864,2.7779813,0.351,71.4,15.5349998474121,1168.0,192.0,32.0
70,Benin,Collines,8.3022297,2.302446,0.292,62.0,36.9300003051758,1100.5,206.0,29.0
71,Benin,Couffo,7.0035894,1.7538817,0.345,71.2,228.091674804688,1047.0,66.0,30.0
72,Benin,Donga,9.7191867,1.6760691,0.335,70.2,413.848327636719,1293.5,2.0,34.0
73,Benin,Littoral,6.3806973,2.4406387,0.083,20.1,8959.55859375,1219.0,6.0,29.0
74,Benin,Mono,6.6607182,1.7538817,0.259,56.1,224.328338623047,1054.5,130.0,27.0
75,Benin,Ouémé,6.6148152,2.4999918,0.238,51.6,329.450012207031,1213.5,39.0,28.0
76,Benin,Plateau,7.3445141,2.539603,0.347,71.8,50.6666679382324,1048.0,305.0,30.0
77,Benin,Zou,7.3469268,2.0665197,0.334,67.3,50.3883323669434,1068.0,60.0,30.0
78,Bhutan,Bumthang,27.641839,90.6773046,0.042,10.7,17.6666660308838,541.0,275.0,11.0
79,Bhutan,Chukha,27.0784304,89.4742177,0.121,26.1,15.1666669845581,1147.5,652.0,12.0
80,Bhutan,Dagana,27.0322861,89.8879304,0.222,48.8,55.8333320617676,1856.5,591.0,17.0
81,Bhutan,Haa,27.2651669,89.1705998,0.059,14.9,17.8333339691162,664.0,838.0,11.0
82,Bhutan,Lhuntse,27.8264989,91.135302,0.151,36.1,24.3333339691162,752.0,509.0,16.0
83,Bhutan,Mongar,27.2617059,91.2891036,0.165,37.4,93.8333358764648,1239.0,627.0,16.0
84,Bhutan,Paro,27.428684,89.4163654,0.026,6.5,46.3333320617676,887.0,88.0,22.0
85,Bhutan,Pemagatshel,27.002382,91.3469247,0.128,31.0,163.134994506836,1663.0,326.0,19.0
86,Bhutan,Punakha,27.5920869,89.8797459,0.088,19.5,64.3499984741211,1291.0,300.0,23.0
87,Bhutan,Samdrup Jongkhar,26.8035682,91.5039207,0.149,34.5,203.794998168945,1984.0,175.0,25.0
88,Bhutan,Samtse,27.0291832,89.0561532,0.197,43.2,224.33332824707,1933.5,904.0,15.0
89,Bhutan,Sarpang,26.9373041,90.4879916,0.102,23.3,152.241668701172,2460.0,606.0,21.0
90,Bhutan,Thimphu,27.4727924,89.6392863,0.016,4.3,87.6666641235352,885.0,10.0,20.0
91,Bhutan,Trashigang,27.3325014,91.5523435,0.132,30.2,67.8333358764649,1208.0,487.0,22.0
92,Bhutan,Trashiyangtse,27.6825285,91.4821482,0.121,29.3,67.8333358764649,652.0,695.0,14.0
93,Bhutan,Trongsa,27.5002269,90.5080634,0.148,34.5,29.7566680908203,789.0,161.0,18.0
94,Bhutan,Tsirang,27.032207,90.1869644,0.196,46.0,235.5,1992.5,643.0,22.0
95,Bhutan,Wangdi,27.4879018,89.8996196,0.099,22.7,32.3666687011719,1566.0,59.0,24.0
96,Bhutan,Zhemgang,27.076975,90.8294002,0.184,42.1,38.0,1944.0,910.0,17.0
97,"Bolivia, Plurinational State of",Beni,-14.3782747,-65.0957792,0.099,23.3,0.16666667163372,1603.5,215.0,27.0
98,"Bolivia, Plurinational State of",Chuquisaca,-20.0249144,-64.1478236,0.145,31.8,5.66666650772095,889.5,1422.0,23.0
99,"Bolivia, Plurinational State of",Cochabamba,-17.4139766,-66.1653224,0.105,23.3,1425.0,568.5,4.0,32.0
100,"Bolivia, Plurinational State of",La Paz,-16.489689,-68.1192936,0.077,18.4,329.5,519.0,3.0,24.0
101,"Bolivia, Plurinational State of",Oruro,-17.9646772,-67.1060353,0.073,17.2,39.1666679382324,297.0,7.0,28.0
102,"Bolivia, Plurinational State of",Pando,-10.7988901,-66.9988011,0.087,21.8,0.0,1680.0,299.0,26.0
103,"Bolivia, Plurinational State of",Potosí,-19.5722805,-65.7550063,0.168,36.2,47.1666679382324,440.0,1.0,26.0
104,"Bolivia, Plurinational State of",Santa Cruz,-17.8145819,-63.1560853,0.043,10.4,283.833343505859,1275.5,2.0,32.0
105,"Bolivia, Plurinational State of",Tarija,-21.5213825,-64.7280952,0.081,18.4,128.16667175293,568.5,3.0,29.0
106,Brazil,Acre,-9.0237964,-70.8119953,0.072,15.6,0.666666686534882,1761.5,1036.0,25.0
107,Brazil,Alagoas,-9.5713058,-36.7819505,0.042,9.4,75.6283340454102,405.0,184.0,31.0
108,Brazil,Amapá,0.9019925,-52.0029565,0.022,5.1,0.0,1800.0,157.0,25.0
109,Brazil,Amazonas,-3.4168427,-65.8560646,0.044,10.3,0.5,2702.0,3787.0,26.0
110,Brazil,Bahia,-12.579738,-41.7007272,0.029,7.0,15.493332862854,526.5,218.0,29.0
111,Brazil,Ceará,-5.4983977,-39.3206241,0.029,7.0,10.1283340454102,595.5,87.0,28.0
112,Brazil,Distrito Federal,-15.7997654,-47.8644715,0.008,2.3,375.0,1318.0,5.0,31.0
113,Brazil,Espírito Santo,-19.1834229,-40.3088626,0.018,4.8,23.4833335876465,920.5,44.0,26.0
114,Brazil,Goiás,-15.8270369,-49.8362237,0.017,4.1,9.25833320617676,1419.5,124.0,30.0
115,Brazil,Maranhão,-4.9609498,-45.2744159,0.046,10.2,12.5266666412354,1228.0,147.0,27.0
116,Brazil,Mato Grosso,-12.6818712,-56.921099,0.019,4.5,0.0,1817.0,713.0,31.0
117,Brazil,Mato Grosso do Sul,-20.7722295,-54.7851531,0.019,4.3,2.07833337783813,1518.0,33.0,31.0
118,Brazil,Minas Gerais,-18.512178,-44.5550308,0.021,5.4,10.8566665649414,1138.0,125.0,30.0
119,Brazil,Paraná,-25.2520888,-52.0215415,0.016,4.0,20.3250007629395,1784.0,126.0,24.0
120,Brazil,Paraíba,-7.2399609,-36.7819505,0.032,7.6,19.5,424.5,105.0,29.0
121,Brazil,Pará,-1.9981271,-54.9306152,0.035,7.8,4.33166646957397,1425.5,172.0,25.0
122,Brazil,Pernambuco,-8.8137173,-36.954107,0.027,6.5,15.3099994659424,337.5,82.0,33.0
123,Brazil,Piauí,-7.7183401,-42.7289236,0.039,8.8,3.0,724.0,195.0,33.0
124,Brazil,Rio Grande do Norte,-5.4025803,-36.954107,0.03,7.2,37.1666679382324,535.5,134.0,31.0
125,Brazil,Rio Grande do Sul,-30.0346316,-51.2176986,0.012,3.2,2591.24829101563,1514.0,2.0,24.0
126,Brazil,Rio de Janeiro,-22.9068467,-43.1728965,0.011,2.9,5005.61474609375,1047.5,10.0,29.0
127,Brazil,Rondônia,-11.5057341,-63.580611,0.024,5.5,2.06666660308838,1681.5,255.0,27.0
128,Brazil,Roraima,2.7375971,-62.0750998,0.029,7.1,0.104999996721745,1669.5,3415.0,25.0
129,Brazil,Santa Catarina,-27.2423392,-50.2188556,0.019,4.9,8.18833351135254,1489.5,314.0,17.0
130,Brazil,Sergipe,-10.5740934,-37.3856581,0.034,8.0,108.533332824707,575.0,42.0,29.0
131,Brazil,São Paulo,-23.5505199,-46.6333094,0.012,3.4,11550.8671875,1215.5,4.0,30.0
132,Brazil,Tocantins,-10.17528,-48.2982474,0.03,7.3,136.0,1678.0,12.0,36.0
133,Burkina Faso,Boucle de mouhoun,12.4166,-3.4195527,0.591,91.9,57.1666679382324,928.5,228.0,38.0
134,Burkina Faso,Cascades,10.4072992,-4.5624426,0.493,84.4,25.1599998474121,1197.0,46.0,32.0
135,Burkina Faso,Centre,12.3425897,-1.443469,0.207,43.9,874.728332519531,905.0,19.0,37.0
136,Burkina Faso,Centre-est,11.5247674,-0.1494988,0.58,91.6,21.3333339691162,983.0,380.0,34.0
137,Burkina Faso,Centre-nord,13.1724464,-0.9056623,0.575,93.6,95.0166625976563,746.0,180.0,37.0
138,Burkina Faso,Centre-ouest,11.8798466,-2.302446,0.554,86.6,22.5166664123535,995.0,260.0,35.0
139,Burkina Faso,Centre-sud,11.5228911,-1.0586135,0.513,86.8,85.8899993896485,990.5,431.0,36.0
140,Burkina Faso,Est,12.4365526,0.9056623,0.698,96.7,9.83333301544189,898.5,364.0,36.0
141,Burkina Faso,Hauts basins,11.4942003,-4.2333355,0.459,74.9,50.6033325195313,1065.0,175.0,34.0
142,Burkina Faso,Nord,13.718252,-2.302446,0.581,89.2,106.529998779297,686.5,54.0,38.0
143,Burkina Faso,Plateau central,12.2537648,-0.7532809,0.524,87.6,95.2216644287109,883.5,103.0,37.0
144,Burkina Faso,Sahel,14.1000865,-0.1494988,0.69,97.0,43.1666679382324,543.0,468.0,38.0
145,Burkina Faso,Sud-ouest,10.4231493,-3.2583626,0.655,92.4,41.716667175293,1153.5,512.0,33.0
146,Burundi,Bujumbura Mairie,-3.4146958,29.3598782,0.164,36.3,1936.76672363281,1007.0,4.0,29.0
147,Burundi,Centre-Est,9.0630758,7.4649479,0.473,83.6,113.5,1528.0,12.0,33.0
148,Burundi,Nord,-3.3615184,29.3741678,0.501,85.7,3332.79174804688,887.5,4.0,32.0
149,Burundi,Ouest,-3.373056,29.918886,0.499,87.8,443.466674804688,907.0,29.0,26.0
150,Burundi,Sud,-3.373056,29.918886,0.422,78.9,443.466674804688,907.0,29.0,26.0
151,Cambodia,Banteay Mean Chey,13.6672596,102.8975098,0.097,22.6,80.533332824707,1109.0,35.0,31.0
152,Cambodia,Battambang & Pailin,13.09573,103.2022055,0.104,22.8,1241.95666503906,1157.0,2.0,32.0
153,Cambodia,Kampong Cham,11.9924294,105.4645408,0.16,37.4,1420.11828613281,1486.0,106.0,30.0
154,Cambodia,Kampong Chhnang,12.1392352,104.5655273,0.193,44.6,77.283332824707,1392.0,122.0,31.0
155,Cambodia,Kampong Speu,11.6155109,104.3791912,0.182,42.5,35.7916679382324,1205.0,208.0,30.0
156,Cambodia,Kampong Thom,12.90616,105.2194808,0.183,41.0,43.9383354187012,1517.0,258.0,29.0
157,Cambodia,Kampot & Kep,10.5942421,104.1640355,0.155,35.1,514.329956054688,1888.0,104.0,29.0
158,Cambodia,Kandal,11.2237383,105.1258955,0.121,29.3,224.050003051758,1181.0,144.0,26.0
159,Cambodia,Kratie,12.4896877,106.0287512,0.274,55.6,594.530029296875,1548.5,236.0,28.0
160,Cambodia,Mondol Kiri & Rattanak Kiri,48.8280793,2.3581294,0.28,54.4,16059.5498046875,515.0,3.0,22.0
161,Cambodia,Otdar Mean Chey,14.1717195,103.6362715,0.196,45.7,10.5500001907349,1324.5,167.0,29.0
162,Cambodia,Phnom Penh,11.5563738,104.9282099,0.026,7.0,11733.4462890625,1185.0,5.0,33.0
163,Cambodia,Preah Sihanouk & Kaoh Kong,10.7581899,103.8216261,0.091,19.8,32.1316680908203,2402.0,84.0,30.0
164,Cambodia,Preah Vihear & Steung Treng,14.3915607,104.680174,0.304,62.2,22.5416660308838,1446.0,265.0,28.0
165,Cambodia,Prey Veng,11.3802442,105.5005483,0.12,28.1,242.341659545898,1292.0,244.0,30.0
166,Cambodia,Pursat,12.4651824,103.8911999,0.221,47.2,96.4833374023438,1262.0,134.0,29.0
167,Cambodia,Siem Reap,13.3550091,103.855173,0.204,43.3,815.208312988281,1183.0,2.0,32.0
168,Cambodia,Svay Rieng,11.142722,105.8290298,0.1,24.8,323.450012207031,1425.5,170.0,29.0
169,Cambodia,Takeo,10.9321519,104.798771,0.106,25.8,363.920013427734,1188.0,97.0,28.0
170,Cameroon,Adamaoua,6.9181954,12.8054753,0.269,51.1,8.33166694641113,1706.5,517.0,26.0
171,Cameroon,Centre (sansYaoundé),3.8852873,11.5407908,0.179,41.8,4736.88330078125,1529.0,3.0,31.0
172,Cameroon,Douala,4.0510564,9.7678687,0.024,6.7,476.191680908203,2863.5,9.0,27.0
173,Cameroon,Est,3.9505128,13.914399,0.274,56.1,10.6666669845581,1562.0,185.0,24.0
174,Cameroon,Extrême-Nord,10.6315589,14.6587821,0.54,86.7,123.824996948242,889.0,370.0,38.0
175,Cameroon,Littoral (sans Douala),4.0134386,9.7170073,0.091,19.9,612.031677246094,2956.5,8.0,25.0
176,Cameroon,Nord,8.5809013,13.914399,0.458,77.3,5.16666650772095,1324.0,267.0,34.0
177,Cameroon,Nord-Ouest,6.4703739,10.439656,0.167,38.8,91.3699951171875,2041.0,107.0,27.0
178,Cameroon,Ouest,5.4638158,10.8000051,0.146,35.1,65.3333358764649,1626.5,77.0,27.0
179,Cameroon,Sud,2.7202832,11.7068294,0.131,30.8,17.0,1523.5,298.0,22.0
180,Cameroon,Sud-Ouest,5.1573493,9.3673084,0.129,29.3,60.0,2877.0,135.0,23.0
181,Cameroon,Yaoundé,3.8480325,11.5020752,0.026,6.5,1488.26672363281,1527.0,3.0,29.0
182,Central African Republic,Bamingui-Bangoran,8.2733455,20.7122465,0.364,72.0,0.333333343267441,1560.0,564.0,30.0
183,Central African Republic,Bangui,4.3946735,18.5581899,0.197,42.9,4715.05810546875,1797.0,13.0,32.0
184,Central African Republic,Basse-Kotto,4.8719319,21.2845025,0.544,92.4,13.6666669845581,1820.5,191.0,27.0
185,Central African Republic,Haut-Mbomou,6.2537134,25.4733554,0.418,83.3,0.0,1726.5,1826.0,27.0
186,Central African Republic,Haute-Kotto,7.7964379,23.3823545,0.42,77.7,0.0,1505.5,661.0,30.0
187,Central African Republic,Kémo,5.8867794,19.3783206,0.501,86.7,5.66666650772095,1682.0,872.0,26.0
188,Central African Republic,Lobaye,4.3525981,17.4795173,0.494,87.1,9.0,1743.5,191.0,27.0
189,Central African Republic,Mambéré-Kadéï,4.7055653,15.9699878,0.497,85.3,10.4300003051758,1554.0,125.0,25.0
190,Central African Republic,Mbomou,5.556837,23.7632828,0.491,89.7,0.0,1908.0,2120.0,25.0
191,Central African Republic,Nana-Grébizi,7.1848607,19.3783206,0.419,78.7,7.0,1550.5,346.0,27.0
192,Central African Republic,Nana-Mambéré,5.6932135,15.2194808,0.52,88.5,6.66666650772095,1464.5,215.0,25.0
193,Central African Republic,Ombella-M'poko,5.1188825,18.4276047,0.403,76.6,2.5,1641.5,316.0,27.0
194,Central African Republic,Ouaka,6.3168216,20.7122465,0.471,85.0,2.07500004768372,1653.0,496.0,27.0
195,Central African Republic,Ouham,7.090911,17.668887,0.533,90.0,4.0,1492.5,932.0,28.0
196,Central African Republic,Ouham-Pendé,6.4850984,16.1580937,0.479,86.1,6.0,1473.5,187.0,28.0
197,Central African Republic,Sangha-Mbaéré,3.4368607,16.3463791,0.505,85.8,6.0,1746.0,1233.0,23.0
198,Chad,Barh El Gazal,14.7702266,16.912251,0.654,95.7,2.66666674613953,198.5,1008.0,37.0
199,Chad,Batha,13.9371775,18.4276047,0.659,95.7,6.5,384.0,443.0,41.0
200,Chad,Borkou/Tibesti,21.3650031,16.912251,0.537,89.0,0.0,26.0,1271.0,41.0
201,Chad,Chari Baguirmi,11.2564207,16.1580937,0.646,96.9,18.1666660308838,861.0,208.0,35.0
202,Chad,Ennedi,17.5414578,21.8568586,0.625,96.8,0.0,65.0,1285.0,38.0
203,Chad,Guéra,11.1219015,18.4276047,0.643,95.4,5.5,1080.0,327.0,37.0
204,Chad,Hadjer-Lamis,12.4577273,16.7234639,0.654,95.4,18.1666660308838,604.0,524.0,41.0
205,Chad,Kanem,14.8781262,15.4068079,0.696,98.5,2.66666674613953,181.5,602.0,39.0
206,Chad,Lac,13.6915377,14.1001326,0.744,98.1,22.0,372.5,780.0,37.0
207,Chad,Logone Occidental,8.759676,15.876004,0.44,79.1,63.0,1229.5,39.0,36.0
208,Chad,Logone Oriental,8.3149949,16.3463791,0.504,86.3,24.6666660308838,1298.5,441.0,31.0
209,Chad,Mandoul,8.603091,17.4795173,0.529,88.1,19.1666660308838,1143.5,521.0,31.0
210,Chad,Mayo Kebbi Est,9.4046039,14.8454619,0.509,86.1,52.6666679382324,1140.5,373.0,36.0
211,Chad,Mayo Kebbi Ouest,10.4113014,15.5943388,0.479,85.0,52.6666679382324,966.0,273.0,36.0
212,Chad,Moyen Chari,9.0639998,18.4276047,0.411,74.1,19.1666660308838,1235.5,32.0,35.0
213,Chad,N'Djamena,12.1348457,15.0557415,0.257,52.7,18.1666660308838,636.5,5.0,39.0
214,Chad,Ouaddaï,13.748476,20.7122465,0.683,95.3,7.66666650772095,585.0,96.0,39.0
215,Chad,Salamat,10.9691601,20.7122465,0.678,97.8,2.66666674613953,1076.5,1113.0,37.0
216,Chad,Sila,12.13074,21.2845025,0.697,98.9,7.66666650772095,936.0,432.0,36.0
217,Chad,Tandjilé,9.6625729,16.7234639,0.487,84.3,33.6666679382324,1141.5,216.0,37.0
218,Chad,Wadi Fira,15.0892416,21.4752851,0.709,99.0,4.83333349227905,316.0,356.0,39.0
219,China,Central,34.0125207,-117.6893121,0.013,3.2,2038.80505371094,261.0,1.0,33.0
220,China,East,35.86166,104.195397,0.008,1.9,125.166664123535,358.5,170.0,20.0
221,China,West,35.86166,104.195397,0.034,8.1,125.166664123535,358.5,170.0,20.0
222,Colombia,Antioquia Sin Medellin,6.2936884,-75.5670192,0.037,9.0,5331.830078125,1719.5,7.0,29.0
223,Colombia,"Atlantico, San Andres, Bolivar Norte",,,0.012,3.3,,,,
224,Colombia,Barranquilla A. M.,11.0041072,-74.8069813,0.009,2.5,4949.60693359375,900.5,0.0,33.0
225,Colombia,Bogota,4.7109886,-74.072092,0.003,0.7,4061.83325195313,713.5,19.0,24.0
226,Colombia,"Bolivar Sur, Sucre, Cordoba",,,0.061,14.7,,,,
227,Colombia,"Boyaca, Cmarca, Meta",,,0.018,4.7,,,,
228,Colombia,"Caldas, Risaralda, Quindio",4.812571,-75.6944145,0.009,2.4,1754.34167480469,1843.5,2.0,30.0
229,Colombia,Cali A.M.,3.4516467,-76.5319854,0.005,1.4,1747.34997558594,1007.0,3.0,30.0
230,Colombia,Cauca Y Nariño Sin Litoral,,,0.039,8.9,,,,
231,Colombia,"Guajira, Cesar, Magdalena",,,0.056,12.3,,,,
232,Colombia,Litoral Pacifico,4.6046582,-74.068407,0.059,14.2,4059.96655273438,749.0,1.0,23.0
233,Colombia,Medellin A.M.,6.244203,-75.5812119,0.005,1.4,5539.1865234375,1786.5,3.0,31.0
234,Colombia,Orinoquia Y Amazonia,,,0.028,7.1,,,,
235,Colombia,Santanderes,6.6437076,-73.6536209,0.022,5.4,15.0,2545.0,369.0,24.0
236,Colombia,"Tolima, Huila, Caqueta",,,0.027,6.5,,,,
237,Colombia,Valle Sin Cali Ni Litoral,,,0.012,3.3,,,,
238,Comoros,Mwali (Mohéli),-12.3377376,43.7334089,0.213,45.0,210.33332824707,1292.0,824.0,24.0
239,Comoros,Ndzuwani (Ndzouani or Anjouan),-12.2138145,44.4370606,0.22,42.8,765.833312988281,1248.5,1150.0,21.0
240,Comoros,Ngazidja (Grande Comore),-11.7167338,43.3680788,0.116,27.6,390.666656494141,1374.5,1392.0,22.0
241,"Congo, Democratic Republic of the",Bandundu,-4.163679,18.8076195,0.435,83.7,87.5233306884766,1750.0,178.0,26.0
242,"Congo, Democratic Republic of the",Bas-Congo,-5.2365685,13.914399,0.393,74.2,38.5,1153.0,271.0,25.0
243,"Congo, Democratic Republic of the",Kasai-Occidental,-5.3205473,21.8568586,0.49,87.1,36.5,1872.5,201.0,25.0
244,"Congo, Democratic Republic of the",Kasai-Oriental,-6.033623,23.5728501,0.431,80.7,379.678344726563,1904.0,49.0,28.0
245,"Congo, Democratic Republic of the",Katanga,-8.8851145,26.419389,0.4,72.4,23.3333339691162,992.5,172.0,31.0
246,"Congo, Democratic Republic of the",Kinshasa,-4.4419311,15.2662931,0.102,23.4,6304.21337890625,1504.0,22.0,29.0
247,"Congo, Democratic Republic of the",Maniema,-3.0730929,26.0413889,0.409,78.0,10.3966665267944,1929.0,135.0,25.0
248,"Congo, Democratic Republic of the",Nord-Kivu,-0.7917729,29.0459927,0.349,67.0,10.960000038147,1218.5,201.0,25.0
249,"Congo, Democratic Republic of the",Orientale,1.6406296,26.419389,0.401,77.4,6.16666650772095,2096.0,570.0,24.0
250,"Congo, Democratic Republic of the",Sud-Kivu,-3.011658,28.299435,0.462,82.9,37.6666679382324,1804.5,153.0,23.0
251,"Congo, Democratic Republic of the",Équateur,0.5640036,20.3308814,0.48,87.5,8.8333330154419,2509.5,1239.0,25.0
252,"Congo, Republic of",Bouenza,-4.1128079,13.7289167,0.274,56.2,20.2999992370605,1378.0,167.0,27.0
253,"Congo, Republic of",Brazzaville,-4.2633597,15.2428853,0.103,24.7,305.353332519531,1478.5,3.0,29.0
254,"Congo, Republic of",Cuvette,-0.2877446,16.1580937,0.246,53.4,3.83333325386047,1826.0,908.0,25.0
255,"Congo, Republic of",Cuvette-Ouest,0.144755,14.4723301,0.312,66.5,0.650000035762787,1752.0,839.0,24.0
256,"Congo, Republic of",Kouilou,-4.1428413,11.8891721,0.352,73.5,3.83333325386047,1337.0,293.0,24.0
257,"Congo, Republic of",Likouala,2.043924,17.668887,0.304,67.3,0.16666667163372,1917.0,1553.0,26.0
258,"Congo, Republic of",Lékoumou,-3.170382,13.3587288,0.323,64.1,3.83333325386047,1774.5,229.0,24.0
259,"Congo, Republic of",Niari,-3.18427,12.2547919,0.238,52.0,6.68333339691162,1395.5,666.0,28.0
260,"Congo, Republic of",Plateaux,-2.0680088,15.4068079,0.357,72.2,5.7350001335144,1870.0,853.0,30.0
261,"Congo, Republic of",Pointe-Noire,-4.7691623,11.866362,0.094,22.0,235.33332824707,1133.5,3.0,26.0
262,"Congo, Republic of",Pool,-3.7762628,14.8454619,0.299,65.0,2.52999997138977,1704.5,169.0,27.0
263,"Congo, Republic of",Sangha,1.4662328,15.4068079,0.285,55.9,1.28333330154419,1756.0,1486.0,24.0
264,Cote d'Ivoire,Centre,5.3020031,-3.9917952,0.359,65.6,5001.875,1438.0,103.0,28.0
265,Cote d'Ivoire,Centre-Est,,,0.297,57.1,,,,
266,Cote d'Ivoire,Centre-Nord,5.3561427,-3.9666402,0.322,62.5,5028.06640625,1433.0,14.0,30.0
267,Cote d'Ivoire,Centre-Ouest,,,0.334,63.3,,,,
268,Cote d'Ivoire,Nord,5.361844,-4.0231596,0.477,78.0,5133.0,1435.5,8.0,30.0
269,Cote d'Ivoire,Nord-Est,5.308613,-3.9468284,0.374,69.3,2945.94995117188,1455.0,116.0,26.0
270,Cote d'Ivoire,Nord-Ouest,7.7027827,-5.036833,0.518,85.6,305.0,1061.5,3.0,33.0
271,Cote d'Ivoire,Ouest,7.539989,-5.54708,0.38,72.0,96.5,1098.5,312.0,27.0
272,Cote d'Ivoire,Sud sans Abidjan,,,0.264,53.0,,,,
273,Cote d'Ivoire,Sud-ouest,4.7459773,-6.6143386,0.394,75.2,116.550003051758,1096.5,3.0,
274,Cote d'Ivoire,Ville d'Abidjan,5.3187187,-4.0195104,0.109,25.2,5133.0,1432.5,2.0,27.0
275,Djibouti,Djibouti,11.825138,42.590275,0.125,26.8,6.66666650772095,259.0,184.0,36.0
276,Djibouti,Other Districts,,,0.214,44.0,,,,
277,Dominican Republic,Cibao Nordeste,,,0.028,7.5,,,,
278,Dominican Republic,Cibao Noroeste,18.8679349,-71.1225531,0.047,11.6,68.1666641235352,969.0,270.0,28.0
279,Dominican Republic,Cibao Norte,18.4819717,-70.0035575,0.028,7.6,1684.05505371094,1269.5,13.0,31.0
280,Dominican Republic,Cibao Sur,18.8679349,-71.1225531,0.03,8.1,68.1666641235352,969.0,270.0,28.0
281,Dominican Republic,Del Yuma,18.3785402,-68.6111642,0.039,9.9,66.5,962.0,33.0,27.0
282,Dominican Republic,El Valle,18.9771643,-69.3786383,0.078,18.0,63.0,1542.5,65.0,27.0
283,Dominican Republic,Enriquillo,18.4787964,-71.5961328,0.055,13.4,69.8166656494141,679.5,88.0,26.0
284,Dominican Republic,Higuamo,18.4414575,-69.3160626,0.043,10.5,177.449996948242,964.0,,
285,Dominican Republic,Metropolitana,18.4647825,-69.9365187,0.028,7.5,2055.0,1227.5,15.0,32.0
286,Dominican Republic,Valdesia,18.41386,-70.277748,0.04,10.1,206.926666259766,1025.0,21.0,26.0
287,Ecuador,Amazon,-0.219104,-78.510939,0.046,11.2,3717.92163085938,866.5,3.0,28.0
288,Ecuador,Coast,-0.9422027,-80.7303634,0.01,2.6,649.716674804688,124.5,0.0,25.0
289,Ecuador,Galapagos Island,-0.383106,-90.4233344,0.003,0.8,0.0,12.0,,
290,Ecuador,Mountains,-1.4693018,-78.8169396,0.014,3.5,50.9150009155274,684.5,2055.0,5.0
291,Egypt,Alexandria,31.2000924,29.9187387,0.004,1.3,18887.5859375,110.0,0.0,27.0
292,Egypt,Assuit,27.1783117,31.1859257,0.038,9.6,3097.20336914063,7.0,2.0,33.0
293,Egypt,Aswan,24.088938,32.8998293,0.013,3.4,909.924987792969,6.5,2.0,35.0
294,Egypt,Behera,30.8480986,30.3435506,0.012,2.9,798.288330078125,70.0,97.0,28.0
295,Egypt,Beni Suef,29.0661274,31.0993845,0.017,4.7,2392.14331054688,15.5,3.0,30.0
296,Egypt,Cairo,30.0444196,31.2357116,0.006,1.8,15903.5263671875,26.5,2.0,30.0
297,Egypt,Dakahlia,31.0832017,31.4913182,0.005,1.5,2682.85327148438,59.0,12.0,27.0
298,Egypt,Damietta,31.4175388,31.8144434,0.011,3.1,2213.16674804687,81.0,2.0,29.0
299,Egypt,Fayoum,29.3084021,30.8428497,0.022,5.8,2023.330078125,15.5,1.0,32.0
300,Egypt,Gharbia,30.8753556,31.03351,0.006,1.6,2752.2666015625,52.5,63.0,28.0
301,Egypt,Giza,30.0130557,31.2088526,0.018,4.7,15903.5263671875,26.5,0.0,30.0
302,Egypt,Ismailia,30.5964923,32.2714587,0.009,2.5,677.539978027344,33.5,1.0,31.0
303,Egypt,Kafr El-Sheikh,31.1063198,30.9419751,0.006,1.7,1177.16662597656,68.0,1.0,30.0
304,Egypt,Kalyubia,30.3292368,31.2168466,0.005,1.4,2170.908203125,36.5,21.0,27.0
305,Egypt,Luxor,25.6872431,32.6396357,0.015,4.0,1908.30834960938,6.0,4.0,33.0
306,Egypt,Matroh,31.3543445,27.2373159,0.036,8.8,5.75,24.0,0.0,27.0
307,Egypt,Menoufia,30.5972455,30.9876321,0.008,2.2,2909.78662109375,41.5,7.0,28.0
308,Egypt,Menya,28.0870967,30.7618397,0.022,5.7,1721.181640625,12.5,2.0,32.0
309,Egypt,New Valley,24.5455638,27.1735316,0.003,0.8,0.333333343267441,6.5,2417.0,32.0
310,Egypt,Port Said,31.2652893,32.3018661,0.003,1.0,5776.68017578125,62.5,2.0,29.0
311,Egypt,Qena,26.155061,32.7160121,0.015,4.2,2602.63842773438,6.0,2.0,32.0
312,Egypt,Red Sea,25.1076838,33.7964613,0.015,3.7,0.0,13.0,159.0,40.0
313,Egypt,Sharkia,30.7326622,31.7195459,0.01,2.4,1607.89831542969,47.0,24.0,28.0
314,Egypt,Souhag,26.5590737,31.6956705,0.035,8.6,3478.76342773438,6.0,2.0,32.0
315,Egypt,Suez,29.9668343,32.5498069,0.008,2.3,11545.74609375,22.0,0.0,33.0
316,El Salvador,Ahuachapan,13.9259486,-89.8411382,0.03,7.4,420.179992675781,1668.5,29.0,32.0
317,El Salvador,Cabanas,13.8648288,-88.7493998,0.046,11.6,132.024993896484,1984.0,145.0,31.0
318,El Salvador,Chalatenango,14.0164187,-88.9126449,0.036,8.7,229.899993896484,2015.0,46.0,30.0
319,El Salvador,Cuscatlan,13.8661957,-89.0561532,0.025,5.6,120.425003051758,1993.5,77.0,30.0
320,El Salvador,La Libertad,13.490697,-89.3084607,0.017,4.0,321.359985351563,1809.5,50.0,
321,El Salvador,La Paz,13.495364,-88.9796776,0.03,7.3,249.036666870117,1879.0,51.0,34.0
322,El Salvador,La Union,13.3323464,-87.8500644,0.054,13.0,219.133331298828,1917.5,39.0,32.0
323,El Salvador,Morazan,13.7682,-88.1291387,0.04,10.5,180.991668701172,2031.0,35.0,29.0
324,El Salvador,San Miguel,13.4792922,-88.1779182,0.03,7.1,396.5,1843.5,1.0,37.0
325,El Salvador,San Salvador,13.6929403,-89.2181911,0.01,2.6,5413.24853515625,1914.5,3.0,34.0
326,El Salvador,San Vicente,13.6390979,-88.7830612,0.02,5.5,195.608337402344,1950.5,44.0,33.0
327,El Salvador,Santa Ana,13.9778279,-89.5639119,0.027,6.1,642.231689453125,1720.0,4.0,32.0
328,El Salvador,Sonsonate,13.7113876,-89.7239097,0.046,10.5,859.25830078125,1876.5,1.0,35.0
329,El Salvador,Usulutan,13.4470634,-88.556531,0.03,7.3,102.553329467773,2011.0,19.0,28.0
330,Ethiopia,Addis Ababa,8.9806034,38.7577605,0.039,9.7,5903.3369140625,829.5,12.0,31.0
331,Ethiopia,Affar,11.7559388,40.958688,0.606,88.2,5.83333349227905,269.5,235.0,46.0
332,Ethiopia,Amhara,11.3494247,37.9784585,0.526,85.7,162.5,899.5,854.0,32.0
333,Ethiopia,Benishangul-Gumuz,10.7802889,35.5657862,0.505,85.2,6.83333349227905,1492.0,674.0,25.0
334,Ethiopia,Dire Dawa,9.6008747,41.850142,0.305,51.2,300.5,522.0,3.0,37.0
335,Ethiopia,Gambela,8.2471899,34.5915966,0.376,73.7,12.1666669845581,1031.5,321.0,32.0
336,Ethiopia,Harari,9.314866,42.1967716,0.286,49.7,439.171661376953,582.5,81.0,32.0
337,Ethiopia,Oromiya,7.5460377,40.6346851,0.539,86.4,46.0,660.5,1174.0,27.0
338,Ethiopia,Somali,6.6612293,43.7908453,0.607,92.9,5.5,248.0,437.0,37.0
339,Ethiopia,"Southern Nations, Nationalities, and People's Region",6.5156911,36.954107,0.5,85.7,114.373336791992,1199.0,834.0,25.0
340,Ethiopia,Tigray,14.0323336,38.3165725,0.469,82.3,159.658340454102,837.5,347.0,32.0
341,Gabon,Estuaire (sans Libreville),0.456963,9.409852,0.063,16.2,105.451667785645,2514.0,84.0,25.0
342,Gabon,Haut-Ogooué,-1.4762544,13.914399,0.092,21.1,0.833333313465118,2067.5,743.0,28.0
343,Gabon,Libreville/Port-Gentil,-0.719964,8.753584,0.024,6.5,14.0249996185303,1673.0,4.0,26.0
344,Gabon,Moyen-Ogooué,-0.442784,10.439656,0.138,30.9,3.91833329200745,1921.0,244.0,23.0
345,Gabon,Ngounié,-1.4930303,10.9807003,0.184,40.8,8.5,1919.0,1068.0,23.0
346,Gabon,Nyanga,-2.8821033,11.1617356,0.16,37.3,2.5,1494.0,490.0,23.0
347,Gabon,Ogooué-Ivindo,0.8818311,13.1740348,0.264,53.7,1.33333337306976,1665.0,1522.0,23.0
348,Gabon,Ogooué-Lolo,-0.8844093,12.4380581,0.152,33.3,3.0,1680.5,931.0,24.0
349,Gabon,Ogooué-Maritime,-1.3465975,9.7232673,0.076,17.9,13.4766664505005,2033.5,1355.0,23.0
350,Gabon,Woleu-Ntem,1.4892408,11.7068294,0.096,23.3,6.0,1668.5,567.0,22.0
351,Gambia,Banjul,13.4548761,-16.5790323,0.095,21.1,1741.44006347656,856.5,62.0,26.0
352,Gambia,Basse,13.3094412,-14.2192475,0.524,89.2,97.3633346557617,1008.0,291.0,36.0
353,Gambia,Brikama,13.2747943,-16.6409198,0.242,50.6,210.316665649414,928.0,2.0,33.0
354,Gambia,Janjanbureh,13.5336211,-14.7695962,0.46,78.9,107.148330688477,938.5,273.0,32.0
355,Gambia,Kanifing,13.4540922,-16.6733441,0.157,32.7,4062.9384765625,875.5,3.0,32.0
356,Gambia,Kerewan,13.4929172,-16.0904721,0.397,71.1,133.350006103516,940.0,218.0,33.0
357,Gambia,Kuntaur,13.6707177,-14.8899772,0.555,91.9,47.375,892.0,300.0,30.0
358,Gambia,Mansakonko,13.4595508,-15.5401101,0.352,72.8,114.751663208008,919.5,202.0,34.0
359,Ghana,Ashanti,6.7470436,-1.5208624,0.101,22.7,761.25,1392.0,15.0,27.0
360,Ghana,Brong Ahafo,7.9559247,-1.6760691,0.16,36.8,23.6666660308838,1340.0,380.0,29.0
361,Ghana,Central,5.5607846,-1.0586135,0.171,36.0,103.0,1240.0,321.0,26.0
362,Ghana,Eastern,6.2374036,-0.4502368,0.155,34.2,130.16667175293,1515.0,78.0,26.0
363,Ghana,Greater Accra,5.8142836,0.0746767,0.058,14.2,56.8333320617676,790.0,121.0,31.0
364,Ghana,Northern,9.5439269,-0.9056623,0.382,73.8,58.8133354187012,1140.5,80.0,33.0
365,Ghana,Upper East,10.7082499,-0.9820668,0.289,61.6,158.75,1057.5,441.0,34.0
366,Ghana,Upper West,10.2529757,-2.1450245,0.259,54.3,28.375,1138.5,491.0,34.0
367,Ghana,Volta,6.5781373,0.4502368,0.138,31.8,95.3333358764649,1199.0,4.0,28.0
368,Ghana,Western,5.3901978,-2.1450245,0.122,28.4,93.5,1416.0,228.0,25.0
369,Guatemala,Alta Verapaz,15.5942883,-90.1494988,0.214,47.0,183.16667175293,2356.5,209.0,21.0
370,Guatemala,Baja Verapaz,15.0787498,-90.4125181,0.147,31.9,69.1166687011719,887.5,191.0,26.0
371,Guatemala,Chimaltenango,14.6631591,-90.8246386,0.082,18.4,417.126678466797,1031.0,35.0,29.0
372,Guatemala,Chiquimula,14.7924897,-89.5450458,0.2,40.8,268.010009765625,926.5,149.0,33.0
373,Guatemala,El Progreso,14.8921637,-90.0373201,0.07,15.6,76.875,681.0,72.0,32.0
374,Guatemala,Escuintla,14.3009252,-90.7881835,0.067,16.1,416.515014648438,2278.0,0.0,33.0
375,Guatemala,Guatemala Municipio,14.6349149,-90.5068824,0.014,3.3,4571.0,1049.5,1.0,33.0
376,Guatemala,Guatemala Resto,26.1048349,-80.1968586,0.036,8.4,2286.375,1238.5,9.0,32.0
377,Guatemala,Huehuetenango,15.3198766,-91.4918235,0.187,38.2,455.116668701172,949.0,77.0,29.0
378,Guatemala,Izabal,15.5918066,-88.9413865,0.106,24.2,36.3333320617676,2194.0,226.0,29.0
379,Guatemala,Jalapa,14.5655154,-89.9253233,0.165,33.9,177.33332824707,1129.0,112.0,28.0
380,Guatemala,Jutiapa,14.1930802,-89.9253233,0.113,24.6,186.433334350586,1395.5,138.0,29.0
381,Guatemala,Peten,16.912033,-90.2995785,0.134,29.8,10.3333330154419,1479.0,403.0,30.0
382,Guatemala,Quetzaltenango,14.8520705,-91.5305465,0.094,21.1,1006.35833740234,1142.5,3.0,30.0
383,Guatemala,Quiche,15.4983808,-90.9820668,0.193,41.5,133.838333129883,1454.5,298.0,21.0
384,Guatemala,Retalhuleu,14.5245485,-91.685788,0.1,22.8,259.053344726563,2585.5,52.0,32.0
385,Guatemala,Sacatepequez,14.6110576,-90.7152749,0.048,11.7,996.791687011719,1120.5,20.0,22.0
386,Guatemala,San Marcos,14.9609782,-91.8074586,0.123,27.1,211.210006713867,1550.5,46.0,26.0
387,Guatemala,Santa Rosa,14.1928003,-90.3748354,0.093,21.3,95.0,1764.0,262.0,28.0
388,Guatemala,Solola,14.7666085,-91.1785016,0.09,20.9,600.085021972656,1194.5,57.0,23.0
389,Guatemala,Suchitepequez,14.4215982,-91.4048249,0.112,26.2,163.375,2704.5,128.0,30.0
390,Guatemala,Totonicapan,14.9173402,-91.3613923,0.121,26.3,407.141662597656,1045.0,28.0,25.0
391,Guatemala,Zacapa,14.9676218,-89.5356094,0.112,23.9,122.556671142578,833.0,139.0,33.0
392,Guinea,Bok�,10.9406953,-14.2802961,0.418,72.1,36.8333320617676,2489.0,187.0,30.0
393,Guinea,Conakry,9.6411855,-13.5784012,0.122,27.8,701.5,2939.5,79.0,33.0
394,Guinea,Faranah,10.0451022,-10.7492466,0.599,92.2,13.8333330154419,1507.0,184.0,30.0
395,Guinea,Kankan,10.3827887,-9.3118282,0.603,90.6,17.0,1545.0,3.0,34.0
396,Guinea,Kindia,10.0406725,-12.8629885,0.503,79.6,41.6666679382324,1979.5,7.0,31.0
397,Guinea,Lab�,39.2284612,-84.2565322,0.554,89.0,436.328338623047,1033.0,28.0,17.0
398,Guinea,Mamou,10.3785237,-12.0832543,0.531,84.7,37.0,1739.0,0.0,30.0
399,Guinea,N'Z�r�kor�,,,0.509,87.2,,,,
400,Guinea-Bissau,Bafata,12.1735243,-14.652952,0.545,86.6,86.8383331298828,1639.5,185.0,32.0
401,Guinea-Bissau,Biombo,11.8529061,-15.7351171,0.382,72.2,102.099998474121,1682.5,231.0,26.0
402,Guinea-Bissau,Bolama,11.1480591,-16.1345705,0.352,69.0,17.5,1972.5,419.0,27.0
403,Guinea-Bissau,Cacheu,12.2732631,-16.1669156,0.335,68.1,24.6149997711182,1436.5,113.0,26.0
404,Guinea-Bissau,Gabu,11.8962488,-14.1001326,0.544,87.1,6.25,1872.5,425.0,30.0
405,Guinea-Bissau,Oio,12.2760709,-15.3131185,0.505,84.1,33.4866676330566,1560.5,201.0,28.0
406,Guinea-Bissau,Quinara,11.795562,-15.1726816,0.414,76.9,13.3333330154419,1932.0,292.0,27.0
407,Guinea-Bissau,Sab,,,0.163,37.1,,,,
408,Guinea-Bissau,Tombali,11.3632696,-14.9856176,0.43,79.5,24.0,2173.0,269.0,28.0
409,Guyana,Barima-Waini,7.4882419,-59.6564494,0.057,15.0,0.833333313465118,1775.5,1358.0,24.0
410,Guyana,Cuyuni-Mazaruni and Potaro-Siparuni,,,0.095,22.1,,,,
411,Guyana,Demerara-Mahaica,6.546426,-58.0982046,0.004,1.2,274.666656494141,1395.5,649.0,26.0
412,Guyana,East Berbice-Corentyne,2.7477922,-57.4627259,0.006,1.7,4.0,1660.0,1706.0,24.0
413,Guyana,Essequibo Islands-West Demerara,6.5720132,-58.4629997,0.005,1.3,24.5,1703.0,697.0,25.0
414,Guyana,Mahaica-Berbice,6.238496,-57.9162555,0.006,1.5,13.6666669845581,1255.5,1523.0,25.0
415,Guyana,Pomeroon-Supenaam,7.1294166,-58.9206295,0.014,3.5,7.0,1695.5,2797.0,25.0
416,Guyana,Upper Demerara-Berbice,5.3064879,-58.1892921,0.004,1.1,2.6800000667572,1794.0,580.0,26.0
417,Guyana,Upper Takutu-Upper Essequibo,2.9239595,-58.7373634,0.145,34.0,0.0,1487.0,2007.0,24.0
418,Haiti,Aire M�tropolitaine/Reste-Ouest,,,0.162,33.6,,,,
419,Haiti,Artibonite,19.362902,-72.4258145,0.316,60.6,166.633331298828,1398.5,237.0,28.0
420,Haiti,Centre,18.9582742,-72.0468164,0.391,73.6,139.253326416016,1585.5,227.0,29.0
421,Haiti,Grande-Anse,18.5489259,-74.07701,0.378,71.8,173.616668701172,1389.0,136.0,27.0
422,Haiti,Nippes,18.3990735,-73.4180211,0.257,53.7,204.824996948242,1168.5,66.0,30.0
423,Haiti,Nord,19.5687715,-72.189,0.244,48.4,287.9716796875,1343.0,117.0,29.0
424,Haiti,Nord-Est,19.4889723,-71.8571331,0.323,62.8,169.850006103516,1506.0,530.0,28.0
425,Haiti,Nord-Ouest,19.8374009,-73.0405277,0.311,62.8,262.963317871094,791.5,320.0,33.0
426,Haiti,Sud,18.3320005,-73.7007088,0.249,50.4,344.546661376953,1603.0,138.0,29.0
427,Haiti,Sud-Est,18.2783598,-72.3547915,0.307,62.6,324.049987792969,1172.0,301.0,27.0
428,Honduras,Atlántida,15.6696283,-87.1422895,0.045,10.1,76.2416687011719,1623.0,81.0,29.0
429,Honduras,Choluteca,13.3198572,-87.1622344,0.108,23.4,617.623352050781,1874.0,6.0,35.0
430,Honduras,Colón,15.6391768,-85.354965,0.058,13.4,3.83333325386047,1408.5,838.0,25.0
431,Honduras,Comayagua,14.5534828,-87.6186379,0.077,16.7,51.7916679382324,1290.5,67.0,26.0
432,Honduras,Copán,14.8497254,-89.1467832,0.161,33.2,155.383331298828,1313.5,166.0,29.0
433,Honduras,Cortés,15.4909515,-87.9334803,0.026,6.0,904.978332519531,1125.5,16.0,31.0
434,Honduras,El Paraíso,14.0736932,-86.4187308,0.095,20.9,81.3650054931641,759.0,103.0,31.0
435,Honduras,Francisco Morazán,14.45411,-87.0624261,0.031,6.9,66.8150024414063,843.5,51.0,30.0
436,Honduras,Gracias a Dios,15.341806,-84.6060449,0.124,29.5,0.699999988079071,2247.0,894.0,26.0
437,Honduras,Intibucá,14.372734,-88.2461183,0.139,29.9,94.7083358764649,1338.0,124.0,20.0
438,Honduras,Islas de la Bahía,16.3526078,-86.4895463,0.017,4.5,182.20832824707,1543.0,173.0,26.0
439,Honduras,La Paz,13.9984833,-87.9334803,0.107,23.5,25.7916660308838,1679.5,473.0,28.0
440,Honduras,Lempira,14.1887698,-88.556531,0.201,41.9,57.0066680908203,1765.5,217.0,23.0
441,Honduras,Ocotepeque,14.4345368,-89.1836929,0.109,22.5,279.040008544922,1388.5,138.0,30.0
442,Honduras,Olancho,14.8067406,-85.7666645,0.089,19.2,32.810001373291,1065.0,217.0,31.0
443,Honduras,Santa Bárbara,15.1202795,-88.4016041,0.076,16.9,119.25,1292.0,121.0,25.0
444,Honduras,Valle,13.5782936,-87.5791287,0.068,15.7,84.5783309936524,1775.0,92.0,33.0
445,Honduras,Yoro,15.1369653,-87.1273253,0.073,16.4,211.91667175293,975.0,90.0,30.0
446,Indonesia,Aceh,4.695135,96.7493993,0.077,18.3,202.301666259766,1862.0,360.0,25.0
447,Indonesia,Bali,-8.4095178,115.188916,0.042,10.3,426.678344726563,1440.0,72.0,26.0
448,Indonesia,Bangka Belitung,-2.7410513,106.4405872,0.053,13.4,16.9950008392334,1942.5,231.0,28.0
449,Indonesia,Banten,-6.4058172,106.0640179,0.075,17.5,642.033325195313,2455.0,95.0,28.0
450,Indonesia,Bengkulu,-3.7928451,102.2607641,0.059,13.4,582.416687011719,2716.0,0.0,30.0
451,Indonesia,Central Java,-7.150975,110.1402594,0.053,12.9,333.116668701172,2290.0,284.0,28.0
452,Indonesia,Central Kalimantan,-1.6814878,113.3823545,0.084,19.1,13.1166667938232,2926.5,2753.0,27.0
453,Indonesia,Central Sulawesi,-1.4300254,121.4456179,0.132,27.8,0.639999985694885,1660.5,1877.0,19.0
454,Indonesia,DI Yogyakarta,-7.8753849,110.4262088,0.025,6.3,1337.16674804688,1714.5,48.0,30.0
455,Indonesia,DKI Jakarta,-6.17511,106.8650395,0.029,7.8,17583.533203125,1731.5,12.0,38.0
456,Indonesia,East Java,-7.5360639,112.2384017,0.055,13.0,2858.466796875,1699.5,6.0,34.0
457,Indonesia,East Kalimantan,0.5386586,116.419389,0.058,14.1,3.04999995231628,2411.0,815.0,26.0
458,Indonesia,East Nusa Tenggara,-8.6573819,121.0793705,0.164,34.0,80.5666656494141,1047.5,333.0,31.0
459,Indonesia,Gorontalo,0.6999372,122.4467238,0.128,26.6,17.9249992370605,1323.5,252.0,29.0
460,Indonesia,Jambi,-1.6101229,103.6131203,0.072,17.0,3052.16674804688,2068.0,5.0,32.0
461,Indonesia,Lampung,-4.5585849,105.4068079,0.065,15.2,0.0,2416.5,269.0,31.0
462,Indonesia,Maluku,-2.8614979,129.5765974,0.105,23.0,6.05000019073486,1801.5,484.0,26.0
463,Indonesia,North Maluku,1.5709993,127.8087693,0.129,28.2,5.82999992370606,1614.5,959.0,25.0
464,Indonesia,North Sulawesi,0.6246932,123.9750018,0.059,13.1,108.425003051758,1488.0,569.0,23.0
465,Indonesia,North Sumatera,2.1153547,99.5450974,0.071,16.0,0.908333301544189,2370.5,630.0,21.0
466,Indonesia,Papua,-4.269928,138.0803529,0.234,44.6,2.55666661262512,2963.5,6325.0,21.0
467,Indonesia,Riau,0.2933469,101.7068294,0.053,13.2,302.190002441406,2293.0,324.0,27.0
468,Indonesia,Riau Islands,3.9456514,108.1428669,0.041,10.1,30.6416664123535,1998.0,1247.0,27.0
469,Indonesia,South Kalimantan,-3.0926415,115.2837585,0.085,18.5,14.0766668319702,2217.0,264.0,27.0
470,Indonesia,South Sulawesi,-3.6687994,119.9740534,0.063,15.3,25.921667098999,1928.5,118.0,25.0
471,Indonesia,South Sumatera,-3.3194374,103.914399,0.054,12.7,112.558334350586,2619.0,139.0,27.0
472,Indonesia,Southeast Sulawesi,-4.14491,122.174605,0.109,23.0,63.966667175293,1705.0,135.0,28.0
473,Indonesia,West Java,-7.090911,107.668887,0.057,14.4,2042.17333984375,1896.0,145.0,27.0
474,Indonesia,West Kalimantan,-0.2787808,111.4752851,0.086,18.6,24.0683326721191,3040.5,684.0,27.0
475,Indonesia,West Nusa Tenggara,-8.6529334,117.3616476,0.121,26.6,28.9500007629395,1315.5,606.0,26.0
476,Indonesia,West Papua,-4.185235,136.8252838,0.122,25.2,6.48166656494141,3344.0,3350.0,21.0
477,Indonesia,West Sulawesi,-2.8441371,119.2320784,0.161,31.8,60.4766654968262,1862.5,784.0,19.0
478,Indonesia,West Sumatera,-0.7399397,100.8000051,0.056,13.5,134.496673583984,2252.0,166.0,25.0
479,Iraq,Al-Anbar,32.5597614,41.9196471,0.052,14.0,9.16666698455811,104.5,359.0,33.0
480,Iraq,Al-Muthanna,29.9133171,45.2993862,0.079,19.9,6.66666650772095,119.5,416.0,34.0
481,Iraq,Al-Najaf,32.027376,44.3331165,0.055,14.1,27.5,128.0,5.0,33.0
482,Iraq,Al-Qadisiya,32.043691,45.1494505,0.082,19.6,92.5,143.5,35.0,35.0
483,Iraq,Babil,32.468191,44.5501935,0.042,10.8,172.16667175293,155.0,39.0,36.0
484,Iraq,Baghdad,33.3128057,44.3614875,0.027,7.5,1421.16662597656,181.0,10.0,32.0
485,Iraq,Basrah,30.5081033,47.7834888,0.045,12.5,124.666664123535,171.5,7.0,34.0
486,Iraq,Diyala,33.7733487,45.1494505,0.038,10.0,57.8333320617676,222.5,214.0,35.0
487,Iraq,Dohuk,36.8679054,42.9488574,0.031,8.7,55.1666679382324,496.5,20.0,33.0
488,Iraq,Erbil,36.2062933,44.0088697,0.031,8.2,84.1666641235352,449.5,1.0,29.0
489,Iraq,Karbala,32.6068464,44.0103922,0.053,12.4,9.16666698455811,136.5,4.0,32.0
490,Iraq,Kirkuk,35.4655761,44.3803921,0.035,9.8,137.66667175293,308.5,3.0,33.0
491,Iraq,Missan,31.8734002,47.1362125,0.098,24.1,36.6666679382324,189.0,5.0,36.0
492,Iraq,Ninewa,36.229574,42.2362435,0.054,13.8,55.0,267.5,338.0,35.0
493,Iraq,Salahaddin,34.5337527,43.483738,0.054,13.8,36.0,146.0,79.0,34.0
494,Iraq,Suleimaniya,35.5570454,45.4359425,0.01,2.7,96.0,536.5,2.0,25.0
495,Iraq,Thi-Qar,31.1042292,46.3624686,0.06,15.3,81.6666641235352,143.5,30.0,37.0
496,Iraq,Wasit,32.6024094,45.7520985,0.058,14.2,43.1666679382324,164.5,65.0,37.0
497,Jamaica,Clarendon,17.9557183,-77.2405153,0.014,3.7,200.16667175293,1043.0,3.0,31.0
498,Jamaica,Hanover,18.4097707,-78.133638,0.007,1.9,132.0,1386.0,68.0,28.0
499,Jamaica,Kingston,18.0178743,-76.8099041,0.009,2.2,1018.17163085937,943.0,4.0,34.0
500,Jamaica,Manchester,18.0669654,-77.5160788,0.006,1.5,232.16667175293,1479.0,41.0,26.0
501,Jamaica,Portland,18.0844274,-76.4100267,0.004,1.2,95.0,1652.5,359.0,24.0
502,Jamaica,St.  Andrew,18.0391345,-76.7567368,0.007,1.9,926.816650390625,1041.0,9.0,29.0
503,Jamaica,St. Ann,18.3281428,-77.2405153,0.004,1.1,131.83332824707,1470.5,128.0,24.0
504,Jamaica,St. Catherine,18.0364134,-77.0564464,0.004,0.8,429.833343505859,1076.5,22.0,27.0
505,Jamaica,St. Elizabeth,18.0788461,-77.6994197,0.013,3.2,129.098327636719,1317.0,168.0,29.0
506,Jamaica,St. James,18.3923184,-77.8595963,0.003,0.7,273.5,1677.5,74.0,25.0
507,Jamaica,St. Mary,18.3092711,-76.964306,0.009,2.7,172.83332824707,1433.0,214.0,25.0
508,Jamaica,St. Thomas,17.9700261,-76.4331698,0.006,1.5,126.166664123535,1553.0,88.0,25.0
509,Jamaica,Trelawny,18.3526143,-77.6077865,0.016,3.8,78.5,1379.0,341.0,25.0
510,Jamaica,Westmoreland,18.2944378,-78.1564432,0.004,1.0,204.0,1454.5,51.0,31.0
511,Jordan,Central,40.6195724,-111.5993254,0.005,1.6,41.8833351135254,585.5,32.0,6.0
512,Jordan,North,30.585164,36.238414,0.006,1.8,1.5,58.0,452.0,31.0
513,Jordan,South,40.5621704,-111.929658,0.008,2.2,1058.73168945313,304.0,9.0,21.0
514,Kenya,Central,-0.0690805,34.6967094,0.075,18.2,602.583312988281,1385.0,11.0,32.0
515,Kenya,Coast,-4.0434771,39.6682065,0.242,49.5,6943.568359375,717.0,0.0,31.0
516,Kenya,Eastern,0.7137256,35.517938,0.19,41.9,181.125,873.0,87.0,24.0
517,Kenya,Nairobi,-1.2920659,36.8219462,0.02,4.8,11346.7685546875,584.5,4.0,31.0
518,Kenya,North Eastern,-0.0190061,37.6480812,0.509,83.3,602.799987792969,1062.5,15.0,26.0
519,Kenya,Nyanza,-1.2849963,36.8272273,0.211,47.7,11346.7685546875,584.5,4.0,31.0
520,Kenya,Rift Valley,-0.023559,37.906193,0.205,42.4,150.758331298828,560.0,276.0,31.0
521,Kenya,Western,-0.115003,34.851379,0.223,50.0,291.708343505859,1194.5,84.0,32.0
522,Lao People's Democratic Republic,Attapeu,14.93634,107.1011931,0.215,43.3,30.1666660308838,1823.0,350.0,26.0
523,Lao People's Democratic Republic,Bokeo,20.2872662,100.7097867,0.212,39.8,30.0866661071777,1299.5,316.0,23.0
524,Lao People's Democratic Republic,Borikhamxay,18.4362924,104.4723301,0.063,14.1,6.89000034332275,1855.0,872.0,24.0
525,Lao People's Democratic Republic,Champasack,14.6578664,105.9699878,0.149,31.4,25.8333339691162,2012.5,500.0,25.0
526,Lao People's Democratic Republic,Huaphanh,20.3254175,104.1001326,0.184,37.9,22.6666660308838,1262.0,356.0,21.0
527,Lao People's Democratic Republic,Khammuane,17.6384066,105.2194808,0.2,40.1,18.3333339691162,1958.0,461.0,25.0
528,Lao People's Democratic Republic,Luangnamtha,20.9170187,101.1617356,0.165,35.5,13.6666669845581,1382.5,917.0,21.0
529,Lao People's Democratic Republic,Luangprabang,20.0656229,102.6216211,0.18,36.4,24.1666660308838,1269.5,309.0,22.0
530,Lao People's Democratic Republic,Oudomxay,20.4921929,101.8891721,0.248,50.2,22.4500007629395,1256.5,268.0,22.0
531,Lao People's Democratic Republic,Phongsaly,21.5919377,102.2547919,0.311,56.1,10.7533330917358,1368.5,433.0,23.0
532,Lao People's Democratic Republic,Saravane,15.8171073,106.2522143,0.359,62.8,28.9616661071777,1404.5,336.0,30.0
533,Lao People's Democratic Republic,Savannakhet,16.5722464,104.7705509,0.262,49.7,197.5,1375.5,5.0,30.0
534,Lao People's Democratic Republic,Sekong,15.5767446,107.0067031,0.254,50.0,6.625,2192.0,568.0,23.0
535,Lao People's Democratic Republic,Vientiane,17.9757058,102.6331035,0.063,14.2,610.74169921875,1617.5,5.0,34.0
536,Lao People's Democratic Republic,Vientiane Capital,17.9757058,102.6331035,0.012,2.8,610.74169921875,1617.5,5.0,34.0
537,Lao People's Democratic Republic,Xayabury,19.1945799,101.483498,0.079,17.9,17.0,1117.0,447.0,24.0
538,Lao People's Democratic Republic,Xiengkhuang,19.6093003,103.7289167,0.164,33.2,17.875,1124.0,337.0,27.0
539,Lesotho,Berea,-29.1746723,27.8311428,0.106,26.0,134.66667175293,746.0,38.0,25.0
540,Lesotho,Botha-Bothe,-28.801561,28.5331038,0.149,33.2,63.3333320617676,847.5,532.0,22.0
541,Lesotho,Leribe,-28.9510773,28.2526623,0.106,25.6,117.833335876465,805.5,137.0,26.0
542,Lesotho,Mafeteng,-29.8224312,27.2388161,0.131,31.3,100.5,660.5,70.0,25.0
543,Lesotho,Maseru,-29.3632188,27.5143603,0.082,19.7,107.033332824707,693.5,11.0,24.0
544,Lesotho,Mohale'S Hoek,-30.1425917,27.4673845,0.178,38.3,55.0,729.0,111.0,25.0
545,Lesotho,Mokhotlong,-29.2875557,29.0605389,0.291,61.5,18.0,679.0,521.0,27.0
546,Lesotho,Qacha'S-Nek,-30.1114565,28.678979,0.173,40.8,39.1166687011719,775.5,150.0,22.0
547,Lesotho,Quthing,-30.4015687,27.7080133,0.151,34.4,43.7116661071777,755.5,156.0,24.0
548,Lesotho,Thaba Tseka,-29.5238975,28.6089752,0.267,56.8,23.8333339691162,654.0,754.0,25.0
549,Liberia,Bomi,6.7562926,-10.8451467,0.407,79.1,43.3333320617676,2640.5,36.0,26.0
550,Liberia,Bong,6.8295019,-9.3673084,0.508,83.9,4.66666650772095,1681.0,300.0,25.0
551,Liberia,Gbarpolu,7.4952637,-10.0807298,0.505,86.3,1.66666662693024,1968.0,722.0,23.0
552,Liberia,Grand Bassa,6.2308452,-9.8124935,0.527,86.7,36.9133338928223,2182.5,181.0,24.0
553,Liberia,Grand Cape Mount,7.0467758,-11.0711758,0.482,85.6,13.6666669845581,2617.5,163.0,24.0
554,Liberia,Grand Gedeh,5.9222078,-8.2212979,0.349,74.9,6.33333349227905,1776.5,541.0,24.0
555,Liberia,Grand Kru,4.7613862,-8.2212979,0.48,90.6,38.7733345031738,2436.0,535.0,23.0
556,Liberia,Lofa,8.1911184,-9.7232673,0.457,83.1,1.03999996185303,2268.0,205.0,24.0
557,Liberia,Margibi,6.5151875,-10.3048897,0.364,72.7,31.203332901001,2329.5,96.0,25.0
558,Liberia,Maryland,4.7258878,-7.7416703,0.388,77.3,28.3333339691162,2129.5,368.0,23.0
559,Liberia,Montserrado,6.5525815,-10.5296115,0.25,54.2,135.926666259766,2553.0,86.0,25.0
560,Liberia,Nimba,6.8427612,-8.6600586,0.377,72.0,10.3333330154419,1559.5,338.0,24.0
561,Liberia,River Cess,5.9025328,-9.456155,0.536,94.5,26.3999996185303,2255.5,235.0,23.0
562,Liberia,River Gee,5.2604894,-7.87216,0.433,81.4,5.0,2109.5,417.0,24.0
563,Liberia,Sinoe,5.49871,-8.6600586,0.445,84.4,22.9466667175293,2372.5,525.0,24.0
564,Madagascar,Alaotra Mangoro,-18.0284909,48.2393528,0.309,63.9,6.89333343505859,1030.5,150.0,27.0
565,Madagascar,Analamanga,-18.382333,47.2923893,0.178,36.5,26.966667175293,1149.0,145.0,28.0
566,Madagascar,Analanjirofo,-16.507537,49.5279996,0.383,73.3,16.4516677856445,1646.5,335.0,24.0
567,Madagascar,Anamoroni'i Mania,,,0.409,71.2,,,,
568,Madagascar,Androy,-24.7497835,45.4498065,0.547,93.0,18.1533336639404,549.5,106.0,32.0
569,Madagascar,Anosy,-23.5579591,45.9039689,0.486,83.2,10.6666669845581,794.5,198.0,33.0
570,Madagascar,Atsimo Andrefana,-23.1485269,44.3992892,0.427,74.9,8.9583330154419,755.0,90.0,33.0
571,Madagascar,Atsimo Atsinanana,-23.5819954,47.2923893,0.531,89.8,45.5066680908203,1550.0,404.0,27.0
572,Madagascar,Atsinanana,-18.8131481,48.8799972,0.269,53.8,39.8083343505859,1866.0,100.0,27.0
573,Madagascar,Betsiboka,-17.5475916,47.2151898,0.433,76.0,6.5,1407.5,196.0,30.0
574,Madagascar,Boeny,-16.3645202,45.9039689,0.31,58.0,8.42500019073486,1397.0,377.0,33.0
575,Madagascar,Bongolava,-18.6336864,46.0563212,0.319,68.3,13.1916666030884,1409.0,267.0,30.0
576,Madagascar,Diana,-13.4086535,49.2030851,0.294,60.0,10.8183326721191,1607.0,354.0,32.0
577,Madagascar,Haute Matsiatra,-21.3390868,46.516262,0.4,73.5,21.6383323669434,1005.5,304.0,32.0
578,Madagascar,Ihorombe,-22.6558058,46.3624686,0.448,82.9,9.69166660308838,726.5,212.0,31.0
579,Madagascar,Itasy,-18.9006786,46.9805103,0.397,73.8,63.7400016784668,1194.0,370.0,27.0
580,Madagascar,Melaky,-17.3776488,44.7006138,0.509,86.9,1.66666662693024,1502.5,409.0,31.0
581,Madagascar,Menabe,-20.3446313,44.7006138,0.417,77.5,12.4916667938232,963.5,351.0,32.0
582,Madagascar,Sava,-14.4407175,49.8547266,0.327,65.9,26.1749992370606,1539.0,937.0,23.0
583,Madagascar,Sofia,-15.4135578,48.0803529,0.32,61.9,17.1700000762939,1482.0,314.0,31.0
584,Madagascar,Vakinankaratra,-19.7184663,46.670534,0.357,70.2,39.651668548584,1309.0,235.0,29.0
585,Madagascar,Vatovavy Fitovinany,-21.3205653,47.9218204,0.514,89.7,17.6666660308838,1570.0,137.0,27.0
586,Malawi,Balaka,-14.9876054,34.9561748,0.283,61.6,522.890014648438,801.5,70.0,33.0
587,Malawi,Blantyre City,-15.7666707,35.0167866,0.118,27.3,6109.4814453125,873.0,5.0,30.0
588,Malawi,Blantyre Rural,,,0.245,54.6,,,,
589,Malawi,Chikwawa,-16.0437784,34.8016945,0.292,61.8,321.166687011719,726.5,57.0,36.0
590,Malawi,Chitipa,-9.7037655,33.2700253,0.161,38.8,143.399993896484,980.0,271.0,30.0
591,Malawi,Chradzulu,-15.7423151,35.2587964,0.241,54.2,277.738342285156,948.0,216.0,32.0
592,Malawi,Dedza,-14.3816618,34.3254842,0.314,65.3,339.191650390625,933.0,82.0,27.0
593,Malawi,Dowa,-13.6514687,33.9359756,0.267,56.4,197.968338012695,827.5,97.0,29.0
594,Malawi,Karonga,-9.952536,33.9248222,0.204,48.0,315.376678466797,1186.0,192.0,32.0
595,Malawi,Kasungu,-13.0356794,33.4719832,0.244,53.8,958.926635742188,765.5,115.0,33.0
596,Malawi,Likoma,-12.0584005,34.7354031,0.114,27.6,318.839996337891,1094.0,323.0,28.0
597,Malawi,Lilongwe City,-13.9626121,33.7741195,0.092,22.0,2318.1298828125,772.5,6.0,32.0
598,Malawi,Lilongwe Rural,,,0.286,60.7,,,,
599,Malawi,Machinga,-14.9407263,35.4781926,0.322,66.6,177.573333740234,818.5,176.0,32.0
600,Malawi,Mangochi,-14.4861733,35.253304,0.302,60.6,1382.83837890625,787.5,108.0,34.0
601,Malawi,Mchinji,-13.8000058,32.8930441,0.314,66.6,240.875,945.5,120.0,28.0
602,Malawi,Mulange,-15.9116361,35.6579492,0.286,60.8,0.360000014305115,1267.5,124.0,19.0
603,Malawi,Mwanza,-15.5997929,34.5140637,0.254,51.4,235.774993896484,887.5,72.0,31.0
604,Malawi,Mzimba,-11.8991825,33.5923941,0.205,45.6,271.733337402344,872.5,81.0,29.0
605,Malawi,Mzuzu City,-11.4389649,34.0084395,0.034,9.2,1860.58666992188,1116.0,2.0,28.0
606,Malawi,Ndanje,-16.7288202,35.1708741,0.285,59.1,21.0833320617676,844.5,439.0,32.0
607,Malawi,Neno,-15.6850711,34.5749882,0.316,65.7,38.2583312988281,813.0,268.0,33.0
608,Malawi,Nkhatabay,-11.6085556,34.2949409,0.215,48.2,364.183349609375,1423.0,37.0,27.0
609,Malawi,Nkhota Kota,-12.9316863,34.2810541,0.245,51.9,581.640014648438,1204.0,142.0,31.0
610,Malawi,Ntcheu,-14.9037538,34.7740793,0.211,49.2,130.13166809082,845.0,252.0,31.0
611,Malawi,Ntchisi,-13.2841992,33.8857747,0.259,55.6,128.425003051758,873.5,101.0,29.0
612,Malawi,Phalombe,-15.7092038,35.6532848,0.293,60.8,311.475006103516,1149.0,173.0,28.0
613,Malawi,Rumphi,-11.0171949,33.8550829,0.205,49.2,417.983337402344,901.0,62.0,33.0
614,Malawi,Salima,-13.7795533,34.458641,0.334,66.8,608.506652832031,968.5,92.0,33.0
615,Malawi,Thyolo,-16.069257,35.1406293,0.259,55.4,456.591674804688,1041.0,37.0,28.0
616,Malawi,Zomba City,-15.3765857,35.3356518,0.053,12.2,1167.30834960938,982.0,1.0,27.0
617,Malawi,Zomba Rural,-15.2807455,35.3991867,0.27,57.5,286.158325195313,900.0,14.0,30.0
618,Mali,Bamako,12.6392316,-8.0028892,0.168,37.3,49.9249992370606,1068.0,3.0,35.0
619,Mali,Kayes,14.4367876,-11.4452717,0.485,82.8,42.4883346557617,848.5,2.0,38.0
620,Mali,Koulikoro,13.8018074,-7.4381355,0.44,75.5,26.0266666412354,762.5,413.0,37.0
621,Mali,Mopti,14.4874284,-4.1974627,0.594,90.5,168.418334960938,601.5,16.0,33.0
622,Mali,Sikasso,11.3223834,-5.6983979,0.484,83.8,146.5,1264.0,5.0,34.0
623,Mali,S�gou,13.8394456,-6.0679194,0.498,83.2,66.3099975585938,678.0,121.0,34.0
624,Mauritania,Adrar,19.8652176,-12.8054753,0.184,36.6,0.0,150.5,2143.0,37.0
625,Mauritania,Assaba,16.7759558,-11.5248055,0.419,71.6,11.1666669845581,366.5,279.0,39.0
626,Mauritania,Brakna,17.2317561,-13.1740348,0.307,58.2,3.74166679382324,270.5,387.0,39.0
627,Mauritania,Dakhlett Nouadibou,20.5985588,-16.2522143,0.039,9.3,4.0,84.0,351.0,35.0
628,Mauritania,Gorgol,15.9717357,-12.6216211,0.46,79.0,11.6666669845581,438.0,152.0,39.0
629,Mauritania,Guidimagha,15.2557331,-12.2547919,0.499,81.7,22.1666660308838,549.5,314.0,38.0
630,Mauritania,Hodh Charghy,,,0.412,75.3,,,,
631,Mauritania,Hodh Gharby,16.6912149,-9.5450974,0.438,77.1,1.83333337306976,338.5,368.0,38.0
632,Mauritania,Nouakchott,18.0735299,-15.9582372,0.102,22.3,437.919982910156,132.0,5.0,35.0
633,Mauritania,Tagant,18.5467527,-9.9018131,0.322,61.9,0.0,135.5,1096.0,35.0
634,Mauritania,Tirs-Ezemour,24.5773764,-9.9018131,0.085,18.9,0.0,66.5,2438.0,34.0
635,Mauritania,Trarza,17.8664964,-14.6587821,0.181,38.6,1.0,228.5,450.0,39.0
636,Mongolia,Central,47.2124056,106.41541,0.041,9.9,1.0,266.0,157.0,10.0
637,Mongolia,Eastern,47.4658154,115.392712,0.044,11.1,0.0,248.0,767.0,12.0
638,Mongolia,Khangai,47.5,100.0,0.075,18.3,1.33333337306976,297.5,818.0,7.0
639,Mongolia,Ulaanbaatar,47.8863988,106.9057439,0.006,1.7,225.33332824707,288.5,6.0,7.0
640,Mongolia,Western,48.963603,89.935224,0.09,21.2,2.0,123.0,776.0,12.0
641,Morocco,Chaouia Ourdigha,33.0473251,-7.2652858,0.066,15.8,100.166664123535,310.5,66.0,31.0
642,Morocco,Doukkala-Abda,32.5997754,-8.6600586,0.06,14.2,155.5,256.0,121.0,30.0
643,Morocco,El Gharb-Chrarda Bni Hssen,34.5434461,-5.8987139,0.084,19.5,169.033340454102,420.0,53.0,28.0
644,Morocco,Fes-Boulemane,33.1870471,-4.2333355,0.042,10.1,13.3333330154419,291.0,320.0,28.0
645,Morocco,Grand Casablanca,33.5205933,-7.5680595,0.003,0.7,3639.33325195313,297.5,11.0,30.0
646,Morocco,Marrakech-Tensift-El Haouz,31.5628076,-7.9592863,0.131,28.3,391.739990234375,229.5,11.0,32.0
647,Morocco,Meknes-Tafilalet,31.9051275,-4.7277528,0.037,9.2,16.0,193.0,244.0,32.0
648,Morocco,Rabat-Sal�-Zemmour-Zair,33.9715904,-6.8498129,0.016,4.2,5536.75146484375,365.5,41.0,27.0
649,Morocco,R�gion Oriental,33.4198879,-2.1450245,0.049,12.0,3.5,244.0,230.0,29.0
650,Morocco,Sahara,31.791702,-7.09262,0.017,4.2,70.3966674804688,313.5,46.0,34.0
651,Morocco,Souss-Massa-Draa,31.1200185,-6.0679194,0.102,22.4,25.6666660308838,181.5,472.0,30.0
652,Morocco,Tadla-Azilal,32.004262,-6.5783387,0.07,16.7,51.8333320617676,431.0,72.0,29.0
653,Morocco,Tanger-Tetouan,35.2629558,-5.5617279,0.083,19.0,187.33332824707,624.5,79.0,26.0
654,Morocco,Taza-Al Hoceima-Taounate,34.2581709,-4.2333355,0.123,28.0,57.6666679382324,440.5,162.0,29.0
655,Mozambique,Cabo Delgado,-12.3335474,39.3206241,0.525,87.0,0.740000009536743,869.5,287.0,29.0
656,Mozambique,Gaza,-23.0221928,32.7181375,0.306,60.1,1.5,443.0,430.0,31.0
657,Mozambique,Inhambane,-23.8879561,35.3959879,0.295,60.1,350.833343505859,731.0,4.0,27.0
658,Mozambique,Manica,-18.9438274,32.8648538,0.301,60.7,308.541656494141,826.0,70.0,29.0
659,Mozambique,Maputo Cidade,-25.891968,32.6051351,0.043,10.5,2515.33325195313,700.5,22.0,30.0
660,Mozambique,Maputo Prov�ncia,-25.2569876,32.5372741,0.133,28.4,19.2116661071777,612.5,156.0,27.0
661,Mozambique,Nampula,-15.1266347,39.2687161,0.4,74.0,1010.85833740234,1007.5,4.0,34.0
662,Mozambique,Niassa,-12.7826202,36.6093926,0.443,79.0,3.33333325386047,1015.0,547.0,26.0
663,Mozambique,Sofala,-19.2039073,34.8624166,0.381,69.8,2.5,981.5,410.0,27.0
664,Mozambique,Tete,-16.1328104,33.6063855,0.466,80.5,397.541656494141,610.5,4.0,36.0
665,Mozambique,Zamb�zia,-16.5638987,36.6093926,0.528,88.1,11.1166667938232,1271.5,297.0,28.0
666,Myanmar,Ayeyarwaddy,17.0342125,95.2266675,0.171,39.0,171.596664428711,1861.0,109.0,32.0
667,Myanmar,Bago,17.3220711,96.4663286,0.129,30.6,157.213333129883,2708.0,3.0,31.0
668,Myanmar,Chin,22.3896751,93.5812692,0.152,33.8,12.2416667938232,1567.5,376.0,20.0
669,Myanmar,Kachin,25.850904,97.4381355,0.083,19.0,34.3333320617676,1843.5,258.0,22.0
670,Myanmar,Kayah,19.2342061,97.2652858,0.099,23.0,13.906665802002,944.5,353.0,26.0
671,Myanmar,Kayin,16.9459346,97.9592863,0.183,36.9,35.5,2142.0,379.0,29.0
672,Myanmar,Magway,20.1544305,94.9454803,0.114,27.4,188.169998168945,708.5,3.0,32.0
673,Myanmar,Mandalay,21.9588282,96.0891032,0.099,24.1,4089.74658203125,806.0,5.0,33.0
674,Myanmar,Mon,17.0626039,97.3516558,0.109,24.8,219.33332824707,2900.5,99.0,28.0
675,Myanmar,Naypyitaw,19.7633057,96.0785104,0.11,26.1,144.773330688477,865.0,265.0,31.0
676,Myanmar,Rakhine,19.810093,93.9878427,0.258,51.3,15.1666669845581,2628.5,151.0,28.0
677,Myanmar,Sagaing,21.9159702,95.9621106,0.134,31.6,266.119995117188,807.5,9.0,29.0
678,Myanmar,Shan,22.0361985,98.1338558,0.194,39.5,26.2083339691162,1182.5,147.0,26.0
679,Myanmar,Taninthayi,12.4706876,99.0128926,0.129,28.9,6.83333349227905,1943.5,334.0,25.0
680,Myanmar,Yangon,16.8660694,96.195132,0.051,12.5,9652.1162109375,2111.0,16.0,33.0
681,Namibia,Caprivi,-17.8682455,23.5728501,0.174,40.0,1.90833330154419,734.5,570.0,32.0
682,Namibia,Erongo,-22.2565682,15.4068079,0.044,11.2,0.5,144.5,622.0,35.0
683,Namibia,Hardap,-24.2310134,17.668887,0.103,24.2,1.48833334445953,274.0,365.0,33.0
684,Namibia,Karas,-26.8429645,17.2902839,0.098,22.5,0.0,143.5,571.0,37.0
685,Namibia,Kavango,-18.271048,18.4276047,0.373,74.3,2.16666674613953,648.0,1042.0,31.0
686,Namibia,Khomas,-22.6377854,17.1011931,0.06,15.7,89.7083358764649,445.5,11.0,28.0
687,Namibia,Kunene,-19.4086317,13.914399,0.238,48.7,0.0,234.0,884.0,34.0
688,Namibia,Ohangwena,-17.5979291,16.8178377,0.348,70.9,7.83333349227905,654.0,1127.0,32.0
689,Namibia,Omaheke,-21.8466651,19.1880047,0.232,46.8,0.0,514.0,371.0,28.0
690,Namibia,Omusati,-18.4070294,14.8454619,0.283,62.9,1.33333337306976,418.5,1554.0,34.0
691,Namibia,Oshana,-18.4305064,15.6881788,0.156,39.3,0.0,453.5,1086.0,35.0
692,Namibia,Oshikoto,-18.4152575,16.912251,0.218,47.9,1.5,514.5,691.0,31.0
693,Namibia,Otjozondjupa,-20.5486916,17.668887,0.116,24.7,1.0,473.5,385.0,30.0
694,Nepal,Province 1,42.7794896,11.1041558,0.131,30.0,148.83332824707,513.0,0.0,25.0
695,Nepal,Province 2,42.7795515,11.1046452,0.274,57.3,148.83332824707,513.0,0.0,25.0
696,Nepal,Province 3,14.3258124,120.9792599,0.266,59.3,6093.13671875,1617.5,2.0,32.0
697,Nepal,Province 4,28.2052851,83.9725225,0.106,23.9,234.026672363281,2130.0,3.0,25.0
698,Nepal,Province 5,41.8229823,12.4604051,0.094,22.5,1702.33337402344,582.0,8.0,24.0
699,Nepal,Province 6,28.6005894,81.6197149,0.171,38.9,121.0,1225.5,495.0,27.0
700,Nepal,Province 7,28.8706182,-13.8387818,0.196,46.2,22.5,96.5,394.0,29.0
701,Nicaragua,Boaco,12.469284,-85.6614682,0.13,29.1,64.1366653442383,1095.0,71.0,29.0
702,Nicaragua,Carazo,11.7274729,-86.2158497,0.025,6.5,164.818328857422,1226.5,67.0,29.0
703,Nicaragua,Chinandega,12.6234721,-87.1273253,0.047,11.9,188.70832824707,1822.5,2.0,35.0
704,Nicaragua,Chontales,11.9394717,-85.1894045,0.082,18.5,16.3333339691162,1302.0,156.0,30.0
705,Nicaragua,Esteli,13.0851139,-86.3630197,0.048,12.0,160.5,968.5,3.0,31.0
706,Nicaragua,Granada,11.9344073,-85.9560005,0.035,8.7,266.936676025391,1217.0,0.0,33.0
707,Nicaragua,Jinotega,13.0883907,-85.9993997,0.195,40.6,108.833335876465,1273.0,28.0,27.0
708,Nicaragua,Leon,12.4315534,-86.8722146,0.031,7.2,217.66667175293,1435.0,3.0,34.0
709,Nicaragua,Madriz,13.4726005,-86.4592091,0.104,23.5,135.220001220703,816.5,74.0,29.0
710,Nicaragua,Managua,12.1149926,-86.2361744,0.021,4.9,2087.10009765625,1012.0,9.0,35.0
711,Nicaragua,Masaya,11.9704485,-86.0886366,0.017,4.3,708.95166015625,1202.0,4.0,30.0
712,Nicaragua,Matagalpa,12.9290069,-85.9151211,0.099,22.3,195.33332824707,1155.5,3.0,29.0
713,Nicaragua,Nueva Segovia,13.7894404,-86.0121573,0.113,25.4,38.5616683959961,1195.5,128.0,24.0
714,Nicaragua,RAAN,13.8394456,-83.9320806,0.173,35.7,0.5,2401.0,627.0,25.0
715,Nicaragua,RAAS,12.1918502,-84.1012861,0.132,28.1,13.5,3334.0,427.0,27.0
716,Nicaragua,Rio San Juan,10.911057,-84.3172642,0.133,28.9,23.8616676330566,2807.0,609.0,24.0
717,Nicaragua,Rivas,11.4326663,-85.8230251,0.036,9.5,282.640014648438,1214.5,79.0,30.0
718,Niger,Agadez,16.9741689,7.986535,0.405,69.9,0.833333313465118,168.5,1.0,40.0
719,Niger,Diffa,13.3132472,12.6158803,0.556,90.3,26.8333339691162,446.0,428.0,37.0
720,Niger,Dosso,13.0504833,3.2080991,0.62,92.8,50.6666679382324,717.0,1.0,38.0
721,Niger,Maradi,13.5009779,7.1036396,0.664,94.1,119.183334350586,641.0,2.0,36.0
722,Niger,Niamey,13.5115963,2.1253854,0.206,42.1,112.0,654.5,2.0,38.0
723,Niger,Tahoua,14.8904575,5.2579968,0.646,92.9,18.8333339691162,518.0,3.0,39.0
724,Niger,Tillaberi,14.6489525,2.1450245,0.609,92.0,11.3333330154419,468.0,289.0,38.0
725,Niger,Zinder,13.8018124,8.98527,0.641,93.6,40.9883346557617,571.5,0.0,37.0
726,Nigeria,Abia,5.4308921,7.5247243,0.088,21.0,327.333343505859,2145.0,156.0,26.0
727,Nigeria,Adamawa,9.3250497,12.4380581,0.295,59.0,143.346664428711,1126.0,28.0,36.0
728,Nigeria,Akwa Ibom,4.9299869,7.87216,0.099,23.8,837.199951171875,2657.0,84.0,25.0
729,Nigeria,Anambra,6.2757656,7.0068393,0.05,11.2,262.251647949219,1751.5,123.0,29.0
730,Nigeria,Bauchi,10.3009641,9.8236533,0.583,86.6,136.5,1040.0,5.0,36.0
731,Nigeria,Bayelsa,4.8677767,5.8987139,0.12,29.0,122.333335876465,2870.5,825.0,24.0
732,Nigeria,Benue,7.3508259,8.8362755,0.28,59.2,178.16667175293,1429.0,100.0,31.0
733,Nigeria,Borno,12.1205201,13.1740348,0.401,70.1,27.6666660308838,734.0,307.0,38.0
734,Nigeria,Cross River,6.1670315,8.6600586,0.146,33.1,90.5,2339.0,92.0,24.0
735,Nigeria,Delta,5.5324624,5.8987139,0.107,25.1,344.149993896484,2406.5,91.0,27.0
736,Nigeria,Ebonyi,6.177973,7.9592863,0.265,56.0,478.558349609375,2006.0,94.0,28.0
737,Nigeria,Edo,6.5438101,5.8987139,0.08,19.2,70.3333358764649,1676.0,70.0,27.0
738,Nigeria,Ekiti,7.6655813,5.3102505,0.051,12.9,382.950012207031,1346.5,193.0,26.0
739,Nigeria,Enugu,6.4583661,7.5463885,0.123,28.8,1110.0,1734.0,11.0,31.0
740,Nigeria,FCT-Abuja,8.8556838,7.179026,0.108,23.5,78.658332824707,1390.0,211.0,28.0
741,Nigeria,Gombe,10.279142,11.1730615,0.471,76.9,256.896667480469,1118.5,3.0,37.0
742,Nigeria,Imo,5.6038994,7.0068393,0.083,19.8,1211.58337402344,2076.0,38.0,27.0
743,Nigeria,Jigawa,12.4460001,9.7232673,0.552,88.4,139.0,743.5,54.0,36.0
744,Nigeria,Kaduna,10.5104642,7.4165053,0.311,56.5,5084.1748046875,1517.0,5.0,36.0
745,Nigeria,Kano,12.0021794,8.5919561,0.434,76.4,1346.0283203125,955.5,10.0,35.0
746,Nigeria,Katsina,12.9815608,7.6222665,0.52,82.2,1070.15002441406,853.5,14.0,37.0
747,Nigeria,Kebbi,11.6781241,4.0695454,0.553,86.0,103.918334960938,1026.5,133.0,36.0
748,Nigeria,Kogi,7.9075486,6.5783387,0.113,26.1,39.0933341979981,1216.0,358.0,30.0
749,Nigeria,Kwara,8.9847995,4.5624426,0.099,23.7,36.0,1199.0,250.0,32.0
750,Nigeria,Lagos,6.5243793,3.3792057,0.035,8.5,18476.734375,1595.5,38.0,29.0
751,Nigeria,Nasarawa,8.5705151,8.3088441,0.251,52.4,85.2266693115234,1334.5,166.0,32.0
752,Nigeria,Niger,17.607789,8.081666,0.324,61.2,0.833333313465118,146.0,376.0,39.0
753,Nigeria,Ogun,6.907529,3.5812692,0.112,26.4,211.945007324219,1398.5,166.0,26.0
754,Nigeria,Ondo,6.8959293,4.8935627,0.127,27.9,112.166664123535,1560.5,37.0,26.0
755,Nigeria,Osun,7.5875843,4.5624426,0.043,10.9,148.854995727539,1373.0,95.0,25.0
756,Nigeria,Oyo,7.8429579,3.9368439,0.155,29.4,155.123321533203,1240.0,4.0,34.0
757,Nigeria,Plateau,9.244568,9.3673084,0.273,51.6,93.3333358764648,1184.5,270.0,29.0
758,Nigeria,Rivers,4.8580767,6.9209135,0.088,21.1,590.724975585938,2372.0,99.0,26.0
759,Nigeria,Sokoto,13.0058731,5.2475518,0.548,85.3,2459.3515625,764.0,4.0,38.0
760,Nigeria,Taraba,8.0054917,10.2600125,0.448,77.7,37.1516647338867,1365.0,170.0,29.0
761,Nigeria,Yobe,12.1871412,11.7068294,0.635,90.2,20.8333339691162,668.0,99.0,37.0
762,Nigeria,Zamfara,12.1844159,6.2375947,0.605,91.9,41.0,1062.0,148.0,35.0
763,Pakistan,Balochistan,28.4907332,65.0957792,0.402,70.6,4.33333349227905,67.0,432.0,41.0
764,Pakistan,Gilgit Baltistan,35.8025667,74.9831808,0.233,46.9,71.1666641235352,360.5,1498.0,-1.0
765,Pakistan,Islamabad (ICT),33.6844202,73.0478848,0.039,9.2,861.253356933594,956.0,14.0,28.0
766,Pakistan,Khyber Pakhtunkhwa,34.9526205,72.331113,0.247,50.1,220.83332824707,912.5,448.0,23.0
767,Pakistan,Punjab,31.1704063,72.7097161,0.184,36.6,583.643310546875,348.5,5.0,30.0
768,Pakistan,Sindh,25.8943018,68.5247149,0.294,53.2,253.575012207031,230.5,69.0,31.0
769,Peru,Amazonas,-5.115146,-78.1108279,0.096,22.9,4.04166650772095,1679.0,1959.0,22.0
770,Peru,Apurímac,-14.0504533,-73.087749,0.091,23.1,15.9016666412354,781.5,1002.0,21.0
771,Peru,Arequipa,-16.4090474,-71.537451,0.009,2.3,4040.05346679688,104.0,2.0,32.0
772,Peru,Ayacucho,-13.1638737,-74.2235641,0.071,17.5,794.530029296875,594.5,2.0,28.0
773,Peru,Cajamarca,-7.1617465,-78.5127855,0.089,21.7,348.385009765625,631.5,0.0,28.0
774,Peru,Callao,-12.0508491,-77.1259843,0.0,0.0,3677.29174804688,12.5,33.0,27.0
775,Peru,Cusco,-13.53195,-71.9674626,0.062,15.8,2017.52001953125,682.5,2.0,26.0
776,Peru,Huancavelica,-12.7861978,-74.9764024,0.122,30.2,42.6666679382324,616.0,103.0,24.0
777,Peru,Huánuco,-9.9298454,-76.2432653,0.111,26.6,578.836669921875,612.5,4.0,31.0
778,Peru,Ica,-14.07546,-75.7341811,0.009,2.6,733.989990234375,22.0,4.0,38.0
779,Peru,Junín,-11.335798,-75.3412179,0.042,10.1,2.97666668891907,1225.0,444.0,20.0
780,Peru,La Libertad,-8.1435933,-78.4751945,0.042,10.0,79.5166702270508,435.0,302.0,31.0
781,Peru,Lambayeque,-6.7197666,-79.9080757,0.038,9.2,263.9033203125,28.5,13.0,34.0
782,Peru,Lima,-12.0463731,-77.042754,0.004,1.2,14460.1796875,18.0,0.0,35.0
783,Peru,Loreto,-4.2324729,-74.2179326,0.147,32.5,5.0,2292.0,1647.0,26.0
784,Peru,Madre de Dios,-11.7668705,-70.8119953,0.024,6.0,2.16666674613953,2059.5,3156.0,24.0
785,Peru,Moquegua,-17.1927361,-70.9328138,0.014,3.4,22.6299991607666,37.5,85.0,36.0
786,Peru,Pasco,-10.4475753,-75.1545381,0.064,15.3,1.83333337306976,2622.0,1995.0,22.0
787,Peru,Piura,-5.1782884,-80.6548882,0.05,12.0,634.184997558594,52.0,3.0,35.0
788,Peru,Puno,-15.8402218,-70.0218805,0.069,17.0,252.240005493164,453.0,3.0,25.0
789,Peru,San Martín,-7.2444881,-76.8259652,0.061,15.2,98.0433349609375,1347.5,624.0,26.0
790,Peru,Tacna,-18.0065679,-70.2462741,0.008,2.2,152.851669311523,20.5,0.0,35.0
791,Peru,Tumbes,-3.5564921,-80.4270885,0.014,3.7,583.628356933594,137.5,23.0,30.0
792,Peru,Ucayali,-9.8251183,-73.087749,0.046,11.0,0.0,1704.0,3747.0,25.0
793,Peru,Áncash,-9.3250497,-77.5619419,0.044,11.3,85.0983352661133,802.5,70.0,26.0
794,Philippines,Armm,6.9568313,124.2421597,0.14,24.9,75.0,2042.5,309.0,25.0
795,Philippines,Bicol Region,13.4209885,123.4136736,0.068,14.6,668.211669921875,2077.5,2.0,28.0
796,Philippines,CARAGA,8.8014562,125.7406882,0.069,15.0,153.498336791992,2811.5,170.0,24.0
797,Philippines,Cagayan Valley,16.9753758,121.8107079,0.039,8.4,484.919982910156,1887.5,44.0,30.0
798,Philippines,Calabarzon,14.1007803,121.0793705,0.029,7.1,1175.91662597656,1645.0,41.0,27.0
799,Philippines,Central Luzon,15.4827722,120.7120023,0.035,7.9,369.510009765625,1874.0,19.0,30.0
800,Philippines,Central Visayas,10.2968562,123.8886774,0.055,11.2,1954.59167480469,1295.5,6.0,28.0
801,Philippines,Cordillera Admin Region,17.3512542,121.1718851,0.039,8.5,42.7249984741211,2417.5,69.0,24.0
802,Philippines,Davao Peninsula,6.9581401,126.2176555,0.066,13.4,107.5,1620.5,318.0,27.0
803,Philippines,Eastern Visayas,12.2445533,125.0388164,0.054,11.6,117.178329467773,2617.0,739.0,24.0
804,Philippines,Ilocos Region,16.0832144,120.6199895,0.027,6.0,797.933349609375,1769.0,65.0,35.0
805,Philippines,Mimaropa,9.8432065,118.7364783,0.091,17.1,104.333335876465,1574.0,13.0,25.0
806,Philippines,National Capital Region,14.6090537,121.0222565,0.026,6.9,12205.2998046875,1806.0,3.0,36.0
807,Philippines,Northern Mindanao,8.0201635,124.6856509,0.093,18.0,64.5,2501.0,131.0,23.0
808,Philippines,Soccsksargen,6.2706918,124.6856509,0.09,17.0,210.533325195313,1684.0,107.0,25.0
809,Philippines,Western Visayas,11.0049836,122.5372741,0.055,11.4,195.565002441406,1774.5,289.0,26.0
810,Philippines,Zamboanga Peninsula,8.154077,123.258793,0.075,15.6,170.33332824707,2324.0,252.0,26.0
811,Rwanda,East,-1.9174872,30.4357631,0.292,59.6,407.220001220703,701.5,49.0,26.0
812,Rwanda,Kigali City,-1.9705786,30.1044288,0.118,26.3,744.099975585938,718.5,9.0,31.0
813,Rwanda,North,-1.656166,29.8815203,0.243,51.9,501.350006103516,866.5,45.0,23.0
814,Rwanda,South,-1.940278,29.873888,0.295,59.9,514.683349609375,821.0,273.0,25.0
815,Rwanda,West,-2.0785049,29.3288299,0.266,56.0,461.214996337891,895.0,86.0,23.0
816,Sao Tome and Principe,Região Autonoma de Principe,1.6139012,7.4057024,0.092,22.3,61.0,1807.0,433.0,23.0
817,Sao Tome and Principe,Região Centro Este,,,0.059,14.3,,,,
818,Sao Tome and Principe,Região Norte Oeste,-12.9086972,-38.4434722,0.132,29.7,3544.83325195313,1036.0,4.0,29.0
819,Sao Tome and Principe,Região Sul Este,,,0.117,28.2,,,,
820,Senegal,Center,14.72001,-17.465533,0.408,72.3,10685.908203125,431.0,4.0,31.0
821,Senegal,North,14.497401,-14.452362,0.363,63.6,14.3333330154419,671.5,239.0,38.0
822,Senegal,Ouest,14.497401,-14.452362,0.132,29.6,14.3333330154419,671.5,239.0,38.0
823,Senegal,South,14.497401,-14.452362,0.409,70.7,14.3333330154419,671.5,239.0,38.0
824,Sierra Leone,Bo,7.9551791,-11.7409946,0.449,80.1,469.630004882813,2323.5,4.0,30.0
825,Sierra Leone,Bombali,9.2475837,-12.1632718,0.423,78.7,46.7766647338867,2415.0,213.0,27.0
826,Sierra Leone,Bonthe,7.5257028,-12.5039922,0.478,85.8,26.3333339691162,2924.0,360.0,26.0
827,Sierra Leone,Kailahun,14.497401,-14.452362,0.537,89.1,14.3333330154419,671.5,239.0,38.0
828,Sierra Leone,Kambia,9.1261664,-12.9176518,0.58,94.3,151.016662597656,2679.0,173.0,27.0
829,Sierra Leone,Kenema,7.8632147,-11.1957172,0.477,84.5,339.516662597656,2343.0,3.0,28.0
830,Sierra Leone,Koinadugu,9.5308619,-11.5248055,0.601,93.9,80.4449996948242,2016.5,208.0,25.0
831,Sierra Leone,Kono,8.7663285,-10.8903099,0.511,88.5,195.441665649414,2296.5,65.0,26.0
832,Sierra Leone,Moyamba,8.1620514,-12.4351923,0.569,94.6,44.0,2378.0,134.0,27.0
833,Sierra Leone,Port Loko,8.7686886,-12.7853522,0.522,89.9,84.0,2498.5,121.0,28.0
834,Sierra Leone,Pujehun,7.3723295,-11.6157773,0.537,91.5,53.0833320617676,2689.0,171.0,25.0
835,Sierra Leone,Tonkolili,8.7389416,-11.7979613,0.541,88.9,42.5,2598.5,233.0,25.0
836,Sierra Leone,Western Rural,7.3723295,-11.6157773,0.319,67.7,53.0833320617676,2689.0,171.0,25.0
837,Sierra Leone,Western Urban,8.4545561,-13.2432632,0.191,41.5,1497.63000488281,2882.0,8.0,29.0
838,South Sudan,Central Equatoria,4.6144063,31.2626366,0.391,75.6,6.16666650772095,1156.0,266.0,32.0
839,South Sudan,Eastern Equatoria,5.0692995,33.438353,0.561,92.5,5.83333349227905,715.0,550.0,38.0
840,South Sudan,Jonglei and Unity,,,0.628,97.5,,,,
841,South Sudan,Lakes,8.6452399,25.2837585,0.605,96.9,0.5,1308.5,819.0,32.0
842,South Sudan,Northern Bahr el Ghazal,8.5360449,26.7967849,0.652,97.4,6.16666650772095,1301.0,155.0,33.0
843,South Sudan,Upper Nile,9.8894202,32.7181375,0.503,86.3,6.5,801.0,1394.0,38.0
844,South Sudan,Warap,8.2209308,28.8596804,0.661,98.7,16.5,1175.0,309.0,35.0
845,South Sudan,Western Bahr el Ghazal,8.6452399,25.2837585,0.491,84.9,0.5,1308.5,819.0,32.0
846,South Sudan,Western Equatoria,5.3471799,28.299435,0.456,85.2,6.66666650772095,1535.5,456.0,29.0
847,Sudan,Blue Nile,11.5860078,34.1531947,0.382,71.8,15.1666669845581,879.5,45.0,42.0
848,Sudan,Central Darfor,,,0.501,84.7,,,,
849,Sudan,East Darfor,14.3782747,24.9042208,0.481,81.2,1.66666662693024,211.5,294.0,37.0
850,Sudan,Gadarif,14.3782747,24.9042208,0.404,72.4,1.66666662693024,211.5,294.0,37.0
851,Sudan,Gezira,14.8859611,33.438353,0.165,34.7,47.5,331.0,43.0,44.0
852,Sudan,Kassala,15.4581332,36.4039629,0.362,66.1,35.0,336.5,3.0,41.0
853,Sudan,Khartoum,15.5006544,32.5598994,0.077,17.6,1547.21166992188,185.5,11.0,41.0
854,Sudan,North Darfor,15.7661969,24.9042208,0.447,83.2,1.66666662693024,114.5,843.0,35.0
855,Sudan,North Kordofan,13.8306441,29.4179324,0.328,62.4,12.3333330154419,302.5,153.0,40.0
856,Sudan,Northern,18.4448963,30.1589303,0.047,11.6,2.83333325386047,13.5,460.0,39.0
857,Sudan,Red Sea,19.4556063,35.2148469,0.223,44.2,1.0,40.0,556.0,43.0
858,Sudan,River Nile,17.1142529,33.7964613,0.092,19.2,12.5,93.0,137.0,44.0
859,Sudan,Sinnar,13.0317108,33.9750018,0.277,52.2,9.95666694641113,657.5,19.0,37.0
860,Sudan,South Darfor,11.6488639,24.9042208,0.42,75.8,32.6666679382324,670.0,552.0,37.0
861,Sudan,South Kordofan,11.1990192,29.4179324,0.422,72.8,7.66666650772095,859.5,65.0,38.0
862,Sudan,West Darfor,12.8463561,23.0011989,0.458,78.6,26.6666660308838,709.5,153.0,37.0
863,Sudan,West Kordofan,13.083333,30.35,0.468,80.6,41.4500007629395,412.5,71.0,39.0
864,Sudan,White Nile,13.2403881,32.5372741,0.267,51.7,49.8333320617676,387.0,41.0,40.0
865,Suriname,Brokopondo,4.7524091,-55.0272904,0.057,14.5,1.0,1755.5,199.0,24.0
866,Suriname,Commewijne,5.740211,-54.8731219,0.008,2.3,8.0,1664.5,275.0,25.0
867,Suriname,Coronie,5.6943271,-56.2929381,0.006,1.7,0.0,1358.5,1307.0,26.0
868,Suriname,Marowijne,5.6268128,-54.2593118,0.026,6.7,1.83333337306976,1683.0,382.0,25.0
869,Suriname,Nickerie,5.5855469,-56.8311117,0.012,3.4,5.66666650772095,1594.5,1718.0,25.0
870,Suriname,Para,5.4817318,-55.2259207,0.023,6.0,2.0,1704.0,145.0,25.0
871,Suriname,Paramaribo,5.8520355,-55.2038278,0.007,1.9,1334.41662597656,1409.5,0.0,28.0
872,Suriname,Saramacca,5.7240813,-55.6689636,0.011,2.8,3.0,1666.5,848.0,25.0
873,Suriname,Sipaliwini,3.6567382,-56.2035387,0.172,38.9,0.0,1969.0,1821.0,23.0
874,Suriname,Wanica,5.7323762,-55.2701235,0.013,3.5,169.976669311523,1647.5,47.0,27.0
875,Swaziland,Hhohho,-26.1365662,31.3541631,0.054,12.8,69.5,860.5,450.0,26.0
876,Swaziland,Lubombo,-26.1365662,31.3541631,0.098,22.7,69.5,860.5,450.0,26.0
877,Swaziland,Manzini,-26.5081999,31.3713164,0.041,10.2,69.6666641235352,844.5,36.0,29.0
878,Swaziland,Shiselweni,-26.9827577,31.3541631,0.101,24.7,50.5,886.5,256.0,24.0
879,Syrian Arab Republic,As-swidaa,32.7128968,36.5662858,0.002,0.6,9.83333301544189,211.0,2.0,30.0
880,Syrian Arab Republic,Damascus,33.5138073,36.2765279,0.003,0.8,71.6666641235352,152.0,3.0,27.0
881,Syrian Arab Republic,Daraa,32.626434,36.1033061,0.011,3.0,204.33332824707,168.5,0.0,29.0
882,Syrian Arab Republic,Dir Ezor,35.3296518,40.1350341,0.047,12.0,27.5,148.0,2.0,30.0
883,Syrian Arab Republic,Edlb,,,0.019,5.3,,,,
884,Syrian Arab Republic,Halab,36.2021047,37.1342603,0.026,7.1,82.6666641235352,263.5,5.0,26.0
885,Syrian Arab Republic,Hama,35.1408881,36.7551993,0.01,2.9,369.666656494141,260.5,0.0,27.0
886,Syrian Arab Republic,Hasaka,36.507867,40.7462671,0.028,7.2,169.83332824707,237.0,2.0,30.0
887,Syrian Arab Republic,Hums,34.2567123,38.3165725,0.007,2.1,13.5,99.5,260.0,31.0
888,Syrian Arab Republic,Latequia,35.5407103,35.7952667,0.004,1.1,473.833343505859,580.0,39.0,24.0
889,Syrian Arab Republic,Qonitara,,,0.011,2.9,,,,
890,Syrian Arab Republic,Raqa,35.9594106,38.9981052,0.028,7.4,78.1666641235352,145.5,4.0,27.0
891,Syrian Arab Republic,Rural Damascus,33.5167289,36.954107,0.009,2.2,71.6666641235352,83.0,173.0,31.0
892,Syrian Arab Republic,Tortous,,,0.0,0.1,,,,
893,Tajikistan,Districts of Republican Subordination,39.0857902,70.2408325,0.045,11.4,18.0,634.0,390.0,13.0
894,Tajikistan,Dushanbe,38.5597722,68.7870384,0.021,6.1,2057.0400390625,516.5,17.0,26.0
895,Tajikistan,Gorno-Badakhshan Autonomous Oblast,38.5597722,68.7870384,0.048,12.1,2057.0400390625,516.5,17.0,26.0
896,Tajikistan,Khatlon,37.9113562,69.097023,0.086,20.5,209.838333129883,401.5,329.0,31.0
897,Tajikistan,Sughd,39.5155326,69.097023,0.033,8.1,60.8333320617676,682.0,360.0,8.0
898,"Tanzania, United Republic of",Central,0.3215308,32.5862002,0.332,66.1,13434.408203125,1284.0,1.0,32.0
899,"Tanzania, United Republic of",Eastern,-6.369028,34.888822,0.145,31.7,7.16666650772095,526.5,131.0,29.0
900,"Tanzania, United Republic of",Lake,-8.0,35.0,0.346,66.7,28.7566680908203,649.0,1044.0,30.0
901,"Tanzania, United Republic of",Northern,40.7566997,-73.9664629,0.2,41.6,20817.619140625,849.0,,19.0
902,"Tanzania, United Republic of",South West Highlands,,,0.312,64.2,,,,
903,"Tanzania, United Republic of",Southern,-34.9478961,138.5812844,0.296,61.8,1637.45666503906,378.0,3.0,26.0
904,"Tanzania, United Republic of",Southern Highlands,-9.1667,34.5167,0.226,50.3,41.1666679382324,905.5,104.0,25.0
905,"Tanzania, United Republic of",Western,28.5954114,77.181578,0.397,72.1,5093.95849609375,544.5,9.0,28.0
906,"Tanzania, United Republic of",Zanzibar,-6.165917,39.202641,0.143,30.5,1655.5,948.0,7.0,29.0
907,Timor-Leste,Aileu,-8.7224084,125.5712576,0.379,73.0,51.7033348083496,1496.5,576.0,27.0
908,Timor-Leste,Ainaro,-9.0113171,125.5220012,0.444,79.7,39.7966690063477,1618.0,568.0,25.0
909,Timor-Leste,Baucau,-8.4731006,126.4553727,0.357,71.3,35.0,944.0,751.0,32.0
910,Timor-Leste,Bobonaro,-8.9655406,125.2587964,0.406,75.9,43.6650009155273,1460.5,704.0,24.0
911,Timor-Leste,Cova Lima,-9.2650375,125.2587964,0.31,62.1,65.3333358764649,1177.0,781.0,26.0
912,Timor-Leste,Dili,-8.5568557,125.5603143,0.127,28.6,66.3166656494141,795.5,588.0,30.0
913,Timor-Leste,Ermera,-8.8068883,125.3466253,0.497,87.0,42.8333320617676,1314.0,618.0,23.0
914,Timor-Leste,Lautem,-8.5531846,126.9970831,0.373,73.1,35.0,1214.5,857.0,28.0
915,Timor-Leste,Liquica,-8.5891214,125.3411388,0.387,70.0,36.8050003051758,540.0,542.0,28.0
916,Timor-Leste,Manatuto,-8.5155608,126.0159255,0.295,60.6,183.341674804688,647.0,640.0,30.0
917,Timor-Leste,Manufahi,-9.0145495,125.8279959,0.353,68.4,26.5349998474121,1344.0,672.0,29.0
918,Timor-Leste,Oecussi,-9.2970576,124.2866091,0.508,86.2,47.1666679382324,915.0,375.0,30.0
919,Timor-Leste,Viqueque,-8.8597918,126.3633516,0.41,79.0,40.4166679382324,1284.0,752.0,28.0
920,Togo,Commune de Lome,6.1724969,1.2313618,0.067,16.4,3108.07666015625,843.5,23.0,32.0
921,Togo,Region Centrale,8.6586029,1.0586135,0.236,52.5,43.0,1287.0,105.0,31.0
922,Togo,Region Maritime,6.4913504,1.2891036,0.243,50.9,103.543334960938,994.5,92.0,27.0
923,Togo,Region de la Kara,9.7216393,1.0586135,0.324,63.3,64.283332824707,1396.0,267.0,32.0
924,Togo,Region des Plateaux,6.4913504,1.2891036,0.325,62.7,103.543334960938,994.5,92.0,27.0
925,Togo,Region des Savanes,9.7216393,1.0586135,0.439,76.9,64.283332824707,1396.0,267.0,32.0
926,Trinidad and Tobago,Eastern,11.2979348,-60.5588524,0.026,7.2,178.16667175293,1428.0,356.0,23.0
927,Trinidad and Tobago,North Central,10.6467643,-61.4227551,0.02,5.7,737.13330078125,1144.0,3.0,31.0
928,Trinidad and Tobago,North West,10.691803,-61.222503,0.023,6.4,476.643341064453,1655.5,169.0,23.0
929,Trinidad and Tobago,South West,10.691803,-61.222503,0.016,4.3,476.643341064453,1655.5,169.0,23.0
930,Trinidad and Tobago,Tobago,11.2336911,-60.6988909,0.019,5.4,178.16667175293,1421.5,235.0,24.0
931,Uganda,Central 1,0.3729261,32.6357573,0.3,59.5,3050.20825195313,1313.5,10.0,32.0
932,Uganda,Central 2,0.3729261,32.6357573,0.294,61.0,3050.20825195313,1313.5,10.0,32.0
933,Uganda,East Central,0.2540775,31.9928078,0.371,74.7,155.946670532227,1102.5,194.0,27.0
934,Uganda,Eastern,1.2692186,33.438353,0.417,81.7,78.4633331298828,1194.0,145.0,25.0
935,Uganda,Kampala,0.3475964,32.5825197,0.076,17.3,13434.408203125,1284.0,4.0,33.0
936,Uganda,Karamoja,2.8308738,34.1531947,0.634,96.5,22.9200000762939,601.0,459.0,32.0
937,Uganda,North,2.8780034,32.7181375,0.431,78.0,29.5499992370605,1301.0,405.0,29.0
938,Uganda,Southwest,0.2580521,30.5279096,0.4,74.6,198.533340454102,996.5,237.0,27.0
939,Uganda,West Nile,0.3157239,32.575568,0.484,84.9,13434.408203125,1284.0,1.0,34.0
940,Uganda,Western,0.2580521,30.5279096,0.346,67.9,198.533340454102,996.5,237.0,27.0
941,Uzbekistan,Central,41.377491,64.585262,0.011,3.2,0.0,178.5,179.0,29.0
942,Uzbekistan,Central-Eastern,,,0.004,1.1,,,,
943,Uzbekistan,Eastern,43.1298023,131.9432471,0.006,1.7,1029.33337402344,501.5,8.0,13.0
944,Uzbekistan,Southern,38.9083604,-77.0405101,0.016,4.1,5670.2880859375,920.0,3.0,22.0
945,Uzbekistan,Tashkent,41.2994958,69.2400734,0.001,0.4,9678.9921875,412.0,4.0,26.0
946,Uzbekistan,Western,41.3069797,69.2833793,0.007,2.0,9506.537109375,418.5,7.0,24.0
947,Viet Nam,Central Highlands,13.0635025,108.2377519,0.057,12.8,80.2050018310547,1403.0,120.0,28.0
948,Viet Nam,Mekong River Delta,10.063363,105.5943388,0.03,7.5,530.896667480469,1431.0,83.0,27.0
949,Viet Nam,North Central and Central Coastal area,17.9459438,105.9699878,0.024,6.3,49.7466659545898,1835.5,117.0,27.0
950,Viet Nam,Northern Midlands and Mountain area,,,0.064,14.4,,,,
951,Viet Nam,Red River Delta,20.9033868,105.9699878,0.013,3.8,1304.87158203125,1471.5,30.0,27.0
952,Viet Nam,South East,14.058324,108.277199,0.017,4.4,76.0083312988281,1482.0,39.0,27.0
953,Yemen,Abyan,13.6343413,46.0563212,0.136,29.8,45.5166664123535,81.5,774.0,39.0
954,Yemen,Aden,12.7854969,45.0186548,0.062,15.0,3538.42163085938,33.5,2.0,34.0
955,Yemen,Al-Baidha,13.9889146,45.5771002,0.191,38.0,147.816665649414,232.5,141.0,34.0
956,Yemen,Al-Hodiedah,14.7909118,42.9708838,0.343,62.2,1891.83337402344,194.5,41.0,36.0
957,Yemen,Al-Jawf,16.7901819,45.2993862,0.214,46.4,9.33333301544189,72.0,1959.0,41.0
958,Yemen,Al-Mhrah,16.5238423,51.6834275,0.105,21.6,0.16666667163372,45.5,698.0,37.0
959,Yemen,Al-Mhweit,15.4687838,43.5462744,0.349,64.6,245.824996948242,324.5,866.0,28.0
960,Yemen,Aldhalae,13.7032564,44.7334536,0.2,42.4,115.833335876465,354.5,157.0,36.0
961,Yemen,Amran,16.2569214,43.9436788,0.322,60.2,103.461669921875,207.0,205.0,32.0
962,Yemen,Dhamar,14.5455447,44.4087348,0.325,60.9,202.084991455078,335.5,2.0,34.0
963,Yemen,Hadramout,16.9304135,49.3653149,0.12,26.5,0.0,67.5,1269.0,38.0
964,Yemen,Hajjah,15.7030403,43.6039301,0.447,76.0,349.991668701172,261.5,115.0,31.0
965,Yemen,Ibb,13.9720929,44.1625338,0.2,41.9,1023.88165283203,564.5,4.0,31.0
966,Yemen,Lahj,13.1489588,44.8505495,0.176,36.3,36.3333320617676,69.5,148.0,44.0
967,Yemen,Mareb,15.4700312,45.3228575,0.214,45.9,8.50833320617676,101.5,206.0,44.0
968,Yemen,Reimah,14.883333,43.55,0.381,72.4,109.29167175293,304.5,844.0,37.0
969,Yemen,Sadah,16.9509413,43.7477743,0.278,56.1,203.603332519531,171.5,288.0,36.0
970,Yemen,Sanaa,15.3694451,44.1910066,0.255,51.5,159.125,220.5,4.0,36.0
971,Yemen,Sanaa City,15.3694451,44.1910066,0.057,14.3,159.125,220.5,4.0,36.0
972,Yemen,Shabwah,14.7546303,46.516262,0.163,36.6,20.5,79.5,1035.0,44.0
973,Yemen,Taiz,13.5775886,44.0177989,0.207,41.4,808.526672363281,601.0,7.0,34.0
974,Zambia,Central,-14.3112263,28.299435,0.292,59.9,117.166664123535,888.0,23.0,28.0
975,Zambia,Copperbelt,-13.0570073,27.5495846,0.158,34.1,9.83333301544189,1158.0,822.0,25.0
976,Zambia,Eastern,-13.8056187,31.9928078,0.369,71.4,47.2583312988281,934.5,114.0,32.0
977,Zambia,Luapula,-11.564831,29.0459927,0.392,75.9,14.1666669845581,1161.5,556.0,26.0
978,Zambia,Lusaka,-15.3875259,28.3228165,0.112,26.0,2076.50830078125,755.0,7.0,30.0
979,Zambia,Muchinga,-15.3780734,28.2579161,0.368,72.0,946.808288574219,755.5,13.0,31.0
980,Zambia,North Western,-13.0050258,24.9042208,0.334,67.3,5.56500005722046,1152.0,729.0,25.0
981,Zambia,Northern,-9.7670177,30.8958242,0.397,75.6,6.5,1234.0,622.0,25.0
982,Zambia,Southern,-16.9620634,26.419389,0.301,62.1,7.83333349227905,728.0,125.0,31.0
983,Zambia,Western,-15.9454906,23.3823545,0.399,76.2,6.0,904.0,607.0,32.0
984,Zimbabwe,Bulawayo,-20.1325066,28.626479,0.014,3.8,4923.58349609375,590.0,5.0,34.0
985,Zimbabwe,Harare,-17.8251657,31.03351,0.038,9.6,822.333312988281,698.0,1.0,31.0
986,Zimbabwe,Manicaland,-18.9216386,32.174605,0.168,39.1,46.0950012207031,620.5,432.0,31.0
987,Zimbabwe,Mashonaland Central,-16.7644295,31.0793705,0.21,48.0,29.8883323669434,714.0,177.0,29.0
988,Zimbabwe,Mashonaland East,-18.5871642,31.2626366,0.14,33.5,28.4599990844727,665.0,136.0,30.0
989,Zimbabwe,Mashonaland West,-17.4851029,29.7889248,0.192,43.7,21.8333339691162,759.0,206.0,32.0
990,Zimbabwe,Masvingo,-20.0791909,30.8384093,0.174,38.9,41.5,605.0,1.0,32.0
991,Zimbabwe,Matabeleland North,-18.5331566,27.5495846,0.238,53.4,8.18666648864746,643.0,362.0,32.0
992,Zimbabwe,Matabeleland South,-21.052337,29.0459927,0.164,38.2,13.0,481.5,325.0,30.0
993,Zimbabwe,Midlands,-19.0552009,29.6035495,0.176,40.5,36.6666679382324,610.5,59.0,29.0
